"a,",an,indefinite,article,A1,,,,"A,"
abandon,v.,B2,,,,,,terk etmek
ability,n.,A2,,,,,,yetenek
able,adj.,A2,,,,,,hünerli
about,"prep.,",adv.,A1,,,,,hakkında
above,"prep.,",adv.,A1,,,,,üstünde
abroad,adv.,A2,,,,,,yurt dışı
absolute,adj.,B2,,,,,,mutlak
absolutely,adv.,B1,,,,,,kesinlikle
academic,"adj.B1,",n.,B2,,,,,akademik
accept,v.,A2,,,,,,kabul etmek
acceptable,adj.,B2,,,,,,kabul edilebilir
access,"n.,",v.,B1,,,,,erişim
accident,n.,A2,,,,,,kaza
accommodation,n.,B1,,,,,,konaklama
accompany,v.,B2,,,,,,eşlik etmek
according,to,prep.,A2,,,,,binaen
account,n.,"B1,",v.,B2,,,,hesap
accurate,adj.,B2,,,,,,kesin
accuse,v.,B2,,,,,,suçlamak
achieve,v.,A2,,,,,,başarmak
achievement,n.,B1,,,,,,başarı
acknowledge,v.,B2,,,,,,kabullenmek
acquire,v.,B2,,,,,,elde etmek
across,"prep.,",adv.,A1,,,,,karşısında
act,v.,"A2,",n.,B1,,,,davranmak
action,n.,A1,,,,,,aksiyon
active,adj.,A2,,,,,,aktif
activity,n.,A1,,,,,,aktivite
actor,n.,A1,,,,,,aktör
actress,n.,A1,,,,,,oyuncu
actual,adj.,B2,,,,,,gerçek
actually,adv.,A2,,,,,,Aslında
ad,n.,B1,,,,,,reklam
adapt,v.,B2,,,,,,uyarlamak
add,v.,A1,,,,,,eklemek
addition,n.,B1,,,,,,ek
additional,adj.,B2,,,,,,ek olarak
address,n.,"A1,",v.,B2,,,,adres
administration,n.,B2,,,,,,yönetim
admire,v.,B1,,,,,,beğenmek
admit,v.,B1,,,,,,itiraf etmek
adopt,v.,B2,,,,,,evlat edinmek
adult,n.,"A1,",adj.,A2,,,,yetişkin
advance,"n.,","v.,",adj.,B2,,,,ilerlemek
advanced,adj.,B1,,,,,,gelişmiş
advantage,n.,A2,,,,,,avantaj
adventure,n.,A2,,,,,,macera
advertise,v.,A2,,,,,,reklam
advertisement,n.,A2,,,,,,reklamcılık
advertising,n.,A2,,,,,,reklam
advice,n.,A1,,,,,,tavsiye
advise,v.,B1,,,,,,öğüt vermek
affair,n.,B2,,,,,,mesele
affect,v.,A2,,,,,,etkilemek
afford,v.,B1,,,,,,parası yetmek
afraid,adj.,A1,,,,,,korkmuş
after,prep.,"A1,","conj.,",adv.,A2,,,sonrasında
afternoon,n.,A1,,,,,,öğleden sonra
afterwards,adv.,B2,,,,,,daha sonrasında
again,adv.,A1,,,,,,Tekrar
against,prep.,A2,,,,,,aykırı
age,n.,"A1,",v.,B1,,,,yaş
aged,adj.,B1,,,,,,yaşlı
agency,n.,B2,,,,,,ajans
agenda,n.,B2,,,,,,gündem
agent,n.,B1,,,,,,ajan
aggressive,adj.,B2,,,,,,agresif
ago,adv.,A1,,,,,,evvel
agree,v.,A1,,,,,,kabul etmek
agreement,n.,B1,,,,,,anlaşma
ah,exclam.,A2,,,,,,Ah
ahead,adv.,B1,,,,,,ilerde
aid,"n.,",v.,B2,,,,,yardım
aim,"v.,",n.,B1,,,,,amaç
air,n.,A1,,,,,,hava
aircraft,n.,B2,,,,,,uçak
airline,n.,A2,,,,,,havayolu
airport,n.,A1,,,,,,havalimanı
alarm,n.,"B1,",v.,B2,,,,alarm
album,n.,B1,,,,,,albüm
alcohol,n.,B1,,,,,,alkol
alcoholic,adj.,B1,,,,,,alkollü
alive,adj.,A2,,,,,,canlı
all,"det.,",pron.,"A1,",adv.,A2,,,Tümü
all,right,"adj./adv.,",exclam.,A2,,,,Tümü
allow,v.,A2,,,,,,izin vermek
almost,adv.,A2,,,,,,neredeyse
alone,adj./adv.,A2,,,,,,yalnız
along,"prep.,",adv.,A2,,,,,birlikte
already,adv.,A2,,,,,,çoktan
also,adv.,A1,,,,,,Ayrıca
alter,v.,B2,,,,,,değiştirme
alternative,n.,"A2,",adj.,B1,,,,alternatif
although,conj.,A2,,,,,,rağmen
always,adv.,A1,,,,,,Her zaman
amazed,adj.,B1,,,,,,şaşırdım
amazing,adj.,A1,,,,,,inanılmaz
ambition,n.,B1,,,,,,tutku
ambitious,adj.,B1,,,,,,hırslı
among,prep.,A2,,,,,,arasında
amount,n.,"A2,",v.,B2,,,,miktar
analyse,v.,B1,,,,,,analiz et
analysis,n.,B1,,,,,,analiz
ancient,adj.,A2,,,,,,antik
and,conj.,A1,,,,,,Ve
anger,n.,B2,,,,,,kızgınlık
angle,n.,B2,,,,,,açı
angry,adj.,A1,,,,,,sinirli
animal,n.,A1,,,,,,hayvan
ankle,n.,A2,,,,,,bilek
anniversary,n.,B2,,,,,,yıl dönümü
announce,v.,B1,,,,,,duyurmak
announcement,n.,B1,,,,,,duyuru
annoy,v.,B1,,,,,,kızdırmak
annoyed,adj.,B1,,,,,,sinirli
annoying,adj.,B1,,,,,,sinir bozucu
annual,adj.,B2,,,,,,yıllık
another,det./pron.,A1,,,,,,bir diğer
answer,"n.,",v.,A1,,,,,cevap
anxious,adj.,B2,,,,,,endişeli
any,"det.,",pron.,"A1,",adv.,A2,,,herhangi
anybody,pron.,A2,,,,,,herhangi biri
any,more,adv.,A2,,,,,herhangi
anyone,pron.,A1,,,,,,herhangi biri
anything,pron.,A1,,,,,,herhangi bir şey
anyway,adv.,A2,,,,,,Neyse
anywhere,"adv.,",pron.,A2,,,,,herhangi bir yer
apart,adv.,B1,,,,,,ayrı
apartment,n.,A1,,,,,,daire
apologize,v.,B1,,,,,,özür dilemek
app,n.,A2,,,,,,uygulama
apparent,adj.,B2,,,,,,görünür
apparently,adv.,B2,,,,,,görünüşe göre
appeal,"n.,",v.,B2,,,,,çekici
appear,v.,A2,,,,,,belli olmak
appearance,n.,A2,,,,,,dış görünüş
apple,n.,A1,,,,,,elma
application,n.,B1,,,,,,başvuru
apply,v.,A2,,,,,,uygula
appointment,n.,B1,,,,,,randevu
appreciate,v.,B1,,,,,,takdirle karşılamak
approach,"n.,",v.,B2,,,,,yaklaşmak
appropriate,adj.,B2,,,,,,uygun
approval,n.,B2,,,,,,onay
approve,v.,B2,,,,,,onaylamak
approximately,adv.,B1,,,,,,yaklaşık olarak
April,n.,A1,,,,,,Nisan
architect,n.,A2,,,,,,mimar
architecture,n.,A2,,,,,,mimari
area,n.,A1,,,,,,alan
argue,v.,A2,,,,,,tartışmak
argument,n.,A2,,,,,,argüman
arise,v.,B2,,,,,,kalkmak
arm,n.,A1,,,,,,kol
armed,adj.,B2,,,,,,silahlı
arms,n.,B2,,,,,,kollar
army,n.,A2,,,,,,ordu
around,"prep.,",adv.,A1,,,,,etrafında
arrange,v.,A2,,,,,,düzenlemek
arrangement,n.,A2,,,,,,ayarlama
arrest,"v.,",n.,B1,,,,,tutuklamak
arrival,n.,B1,,,,,,varış
arrive,v.,A1,,,,,,varmak
art,n.,A1,,,,,,sanat
article,n.,A1,,,,,,madde
artificial,adj.,B2,,,,,,yapay
artist,n.,A1,,,,,,sanatçı
artistic,adj.,B2,,,,,,sanatsal
as,prep.,"A1,","adv.,",conj.,A2,,,gibi
ashamed,adj.,B2,,,,,,utanmış
ask,v.,A1,,,,,,sormak
asleep,adj.,A2,,,,,,uyuya kalmak
aspect,n.,B2,,,,,,bakış açısı
assess,v.,B2,,,,,,değer biçmek
assessment,n.,B2,,,,,,değerlendirme
assignment,n.,B1,,,,,,atama
assist,v.,B1,,,,,,yardım
assistant,"n.,",adj.,A2,,,,,asistan
associate,v.,B2,,,,,,iş arkadaşı
associated,adj.,B2,,,,,,birleşmiş
association,n.,B2,,,,,,dernek
assume,v.,B2,,,,,,farz etmek
at,prep.,A1,,,,,,de
athlete,n.,A2,,,,,,sporcu
atmosphere,n.,B1,,,,,,atmosfer
attach,v.,B1,,,,,,eklemek
attack,"n.,",v.,A2,,,,,saldırı
attempt,"n.,",v.,B2,,,,,girişim
attend,v.,A2,,,,,,katılmak
attention,"n.,",exclam.,A2,,,,,dikkat
attitude,n.,B1,,,,,,davranış
attract,v.,B1,,,,,,cezbetmek
attraction,n.,B1,,,,,,çekim
attractive,adj.,A2,,,,,,çekici
audience,n.,A2,,,,,,kitle
August,n.,A1,,,,,,Ağustos
aunt,n.,A1,,,,,,hala
author,n.,A2,,,,,,yazar
authority,n.,B1,,,,,,yetki
autumn,n.,A1,,,,,,sonbahar
available,adj.,A2,,,,,,mevcut
average,"adj.,",n.,"A2,",v.,B1,,,ortalama
avoid,v.,A2,,,,,,kaçınmak
award,n.,"A2,",v.,B1,,,,ödül
aware,adj.,B1,,,,,,farkında olmak
away,adv.,A1,,,,,,uzak
awful,adj.,A2,,,,,,berbat
baby,n.,A1,,,,,,Bebek
back,"n.,",adv.,"A1,",adj.,"A2,",v.,B2,geri
background,n.,A2,,,,,,arka plan
backwards,adv.,B1,,,,,,geriye doğru
bacteria,n.,B2,,,,,,bakteriler
bad,adj.,A1,,,,,,kötü
badly,adv.,A2,,,,,,kötü
bag,n.,A1,,,,,,çanta
bake,v.,B1,,,,,,pişmek
balance,"n.,",v.,B1,,,,,denge
ball,n.,A1,,,,,,top
ban,"v.,",n.,B1,,,,,yasak
banana,n.,A1,,,,,,muz
band,n.,A1,,,,,,bant
bank,(money),n.,A1,,,,,banka
bank,(river),n.,B1,,,,,banka
bar,n.,"A2,",v.,B2,,,,çubuk
barrier,n.,B2,,,,,,bariyer
base,"n.,",v.,B1,,,,,temel
baseball,n.,A2,,,,,,beyzbol
based,adj.,A2,,,,,,temelli
basic,adj.,B1,,,,,,temel
basically,adv.,B2,,,,,,temel olarak
basis,n.,B1,,,,,,temel
basketball,n.,A2,,,,,,basketbol
bath,n.,A1,,,,,,banyo
bathroom,n.,A1,,,,,,banyo
battery,n.,B1,,,,,,pil
battle,n.,"B1,",v.,B2,,,,savaş
be,"v.,",auxiliary,v.,A1,,,,olmak
beach,n.,A1,,,,,,sahil
bean,n.,A2,,,,,,fasulye
bear,(deal,with),v.,B2,,,,ayı
bear,(animal),n.,A2,,,,,ayı
beat,v.,"A2,",n.,B2,,,,vurmak
beautiful,adj.,A1,,,,,,Güzel
beauty,n.,B1,,,,,,güzellik
because,conj.,A1,,,,,,Çünkü
become,v.,A1,,,,,,haline gelmek
bed,n.,A1,,,,,,yatak
bedroom,n.,A1,,,,,,yatak odası
bee,n.,B1,,,,,,arı
beef,n.,A2,,,,,,biftek
beer,n.,A1,,,,,,bira
,,,,,,,,#VALUE!
before,prep.,"A1,","conj.,",adv.,A2,,,önce
beg,v.,B2,,,,,,yalvarmak
begin,v.,A1,,,,,,başlamak
beginning,n.,A1,,,,,,başlangıç
behave,v.,A2,,,,,,davranmak
behaviour,n.,A2,,,,,,davranış
behind,"prep.,",adv.,A1,,,,,arka
being,n.,B2,,,,,,yapı
belief,n.,B1,,,,,,inanç
believe,v.,A1,,,,,,inanmak
bell,n.,B1,,,,,,zil
belong,v.,A2,,,,,,ait olmak
below,"adv.,",prep.,A1,,,,,altında
belt,n.,A2,,,,,,kemer
bend,"v.,",n.,B1,,,,,bükülmek
benefit,n.,"A2,",v.,B1,,,,fayda
bent,adj.,B2,,,,,,bükülmüş
best,adj.,"A1,","adv.,",n.,A2,,,en iyi
bet,"v.,",n.,B2,,,,,bahis
better,adj.,"A1,",adv.,"A2,",n.,B1,,daha iyi
between,prep.,"A1,",adv.,A2,,,,arasında
beyond,"prep.,",adv.,B2,,,,,öte
bicycle,n.,A1,,,,,,bisiklet
big,adj.,A1,,,,,,büyük
bike,n.,A1,,,,,,bisiklet
bill,n.,"A1,",v.,B2,,,,fatura
billion,number,A2,,,,,,milyar
bin,n.,A2,,,,,,çöp kutusu
biology,n.,A2,,,,,,biyoloji
bird,n.,A1,,,,,,kuş
birth,n.,A2,,,,,,doğum
birthday,n.,A1,,,,,,doğum günü
biscuit,n.,A2,,,,,,bisküvi
bit,n.,A2,,,,,,biraz
bite,"v.,",n.,B1,,,,,ısırmak
bitter,adj.,B2,,,,,,acı
black,"adj.,",n.,A1,,,,,siyah
blame,"v.,",n.,B2,,,,,suçlamak
blank,"adj.,",n.,A2,,,,,boşluk
blind,adj.,B2,,,,,,kör
block,"n.,",v.,B1,,,,,engellemek
blog,n.,A1,,,,,,blog
blonde,adj.,A1,,,,,,sarışın
blood,n.,A2,,,,,,kan
blow,v.,A2,,,,,,üflemek
blue,"adj.,",n.,A1,,,,,mavi
board,n.,"A2,",v.,B1,,,,pano
boat,n.,A1,,,,,,bot
body,n.,A1,,,,,,vücut
boil,v.,A2,,,,,,kaynamak
bomb,"n.,",v.,B1,,,,,bomba
bond,n.,B2,,,,,,bağlamak
bone,n.,A2,,,,,,kemik
book,n.,"A1,",v.,A2,,,,kitap
boot,n.,A1,,,,,,bot
border,n.,"B1,",v.,B2,,,,sınır
bored,adj.,A1,,,,,,sıkılmış
boring,adj.,A1,,,,,,sıkıcı
born,v.,A1,,,,,,doğmak
borrow,v.,A2,,,,,,borç almak
boss,n.,A2,,,,,,patron
both,det./pron.,A1,,,,,,ikisi birden
bother,v.,B1,,,,,,rahatsız etmek
bottle,n.,A1,,,,,,şişe
bottom,"n.,",adj.,A2,,,,,alt
bowl,n.,A2,,,,,,tas
box,n.,A1,,,,,,kutu
boy,n.,A1,,,,,,erkek çocuk
boyfriend,n.,A1,,,,,,erkek arkadaş
brain,n.,A2,,,,,,beyin
branch,n.,B1,,,,,,dal
brand,"n.,",v.,B1,,,,,marka
brave,adj.,B1,,,,,,cesur
bread,n.,A1,,,,,,ekmek
break,"v.,",n.,A1,,,,,kırmak
breakfast,n.,A1,,,,,,kahvaltı
breast,n.,B2,,,,,,göğüs
breath,n.,B1,,,,,,nefes
breathe,v.,B1,,,,,,nefes almak
breathing,n.,B1,,,,,,nefes alma
bride,n.,B1,,,,,,gelin
bridge,n.,A2,,,,,,köprü
brief,adj.,B2,,,,,,kısa bilgi
bright,adj.,A2,,,,,,parlak
brilliant,adj.,A2,,,,,,muhteşem
bring,v.,A1,,,,,,getirmek
broad,adj.,B2,,,,,,geniş
broadcast,"v.,",n.,B2,,,,,yayın
broken,adj.,A2,,,,,,kırık
brother,n.,A1,,,,,,Erkek kardeş
brown,"adj.,",n.,A1,,,,,kahverengi
brush,"v.,",n.,A2,,,,,fırçalamak
bubble,n.,B1,,,,,,baloncuk
budget,n.,B2,,,,,,bütçe
build,v.,A1,,,,,,inşa etmek
building,n.,A1,,,,,,bina
bullet,n.,B2,,,,,,mermi
bunch,n.,B2,,,,,,demet
burn,v.,"A2,",n.,B2,,,,yakmak
bury,v.,B1,,,,,,gömmek
bus,n.,A1,,,,,,otobüs
bush,n.,B2,,,,,,çalı
business,n.,A1,,,,,,işletme
businessman,n.,A2,,,,,,işadamı
busy,adj.,A1,,,,,,Meşgul
but,conj.,"A1,",prep.,B2,,,,Ancak
butter,n.,A1,,,,,,tereyağı
button,n.,A2,,,,,,düğme
buy,v.,A1,,,,,,satın almak
by,prep.,"A1,",adv.,B1,,,,ile
bye,exclam.,A1,,,,,,güle güle
cable,n.,B2,,,,,,kablo
cafe,n.,A1,,,,,,kafe
cake,n.,A1,,,,,,kek
calculate,v.,B2,,,,,,hesaplamak
call,"v.,",n.,A1,,,,,Arama
calm,"adj.,","v.,",n.,B1,,,,sakinlik
camera,n.,A1,,,,,,kamera
camp,"n.,",v.,A2,,,,,kamp
campaign,"n.,",v.,B1,,,,,kampanya
camping,n.,A2,,,,,,kamp
campus,n.,B1,,,,,,kampüs
can1,modal,v.,A1,,,,,kutu1
can2,n.,A2,,,,,,can2
cancel,v.,B2,,,,,,iptal etmek
cancer,n.,B2,,,,,,kanser
candidate,n.,B1,,,,,,aday
cannot,v.,A1,,,,,,yapamamak
cap,n.,B1,,,,,,şapka
capable,adj.,B2,,,,,,yetenekli
capacity,n.,B2,,,,,,kapasite
capital,"n.,",adj.,A1,,,,,başkent
captain,n.,B1,,,,,,kaptan
capture,"v.,",n.,B2,,,,,esir almak
car,n.,A1,,,,,,araba
card,n.,A1,,,,,,kart
care,"n.,",v.,A2,,,,,bakım
career,n.,A1,,,,,,kariyer
careful,adj.,A2,,,,,,dikkatli olmak
carefully,adv.,A2,,,,,,dikkatlice
careless,adj.,B1,,,,,,dikkatsiz
carpet,n.,A2,,,,,,halı
carrot,n.,A1,,,,,,havuç
carry,v.,A1,,,,,,taşımak
cartoon,n.,A2,,,,,,karikatür
case,n.,A2,,,,,,dava
cash,n.,A2,,,,,,peşin
cast,"n.,",v.,B2,,,,,döküm
castle,n.,A2,,,,,,kale
cat,n.,A1,,,,,,kedi
catch,v.,"A2,",n.,B2,,,,yakalamak
category,n.,B1,,,,,,kategori
cause,"n.,",v.,A2,,,,,neden
CD,n.,A1,,,,,,CD
ceiling,n.,B1,,,,,,tavan
celebrate,v.,A2,,,,,,kutlamak
celebration,n.,B1,,,,,,kutlama
celebrity,n.,A2,,,,,,ünlü
cell,n.,B2,,,,,,hücre
cent,n.,A1,,,,,,yüzde
central,adj.,B1,,,,,,merkezi
centre,n.,"A1,",v.,B1,,,,merkez
century,n.,A1,,,,,,yüzyıl
ceremony,n.,B1,,,,,,tören
certain,adj.,A2,,,,,,kesin
certainly,adv.,A2,,,,,,kesinlikle
chain,n.,"B1,",v.,B2,,,,zincir
chair,n.,"A1,",v.,B2,,,,sandalye
chairman,n.,B2,,,,,,başkan
challenge,n.,"B1,",v.,B2,,,,meydan okumak
champion,n.,B1,,,,,,şampiyon
chance,n.,A2,,,,,,şans
change,"v.,",n.,A1,,,,,değiştirmek
channel,n.,B1,,,,,,kanal
chapter,n.,B1,,,,,,bölüm
character,n.,A2,,,,,,karakter
characteristic,"n.,",adj.,B2,,,,,karakteristik
charge,"n.,",v.,B1,,,,,şarj
charity,n.,A2,,,,,,hayır kurumu
chart,n.,"A1,",v.,B2,,,,çizelge
chat,"v.,",n.,A2,,,,,sohbet
cheap,adj.,"A1,",adv.,B1,,,,ucuz
cheat,"v.,",n.,B1,,,,,aldatmak
check,v.,"A1,",n.,A2,,,,kontrol etmek
cheerful,adj.,B1,,,,,,neşeli
cheese,n.,A1,,,,,,peynir
chef,n.,A2,,,,,,şef
chemical,"adj.,",n.,B1,,,,,kimyasal
chemistry,n.,A2,,,,,,kimya
chest,n.,B1,,,,,,göğüs
chicken,n.,A1,,,,,,tavuk
chief,"adj.,",n.,B2,,,,,şef
child,n.,A1,,,,,,çocuk
childhood,n.,B1,,,,,,çocukluk
chip,n.,A2,,,,,,çip
chocolate,n.,A1,,,,,,çikolata
choice,n.,A2,,,,,,seçenek
choose,v.,A1,,,,,,seçmek
church,n.,A2,,,,,,kilise
cigarette,n.,A2,,,,,,sigara
cinema,n.,A1,,,,,,sinema
circle,"n.,",v.,A2,,,,,daire
circumstance,n.,B2,,,,,,durum
cite,v.,B2,,,,,,alıntı
citizen,n.,B2,,,,,,vatandaş
city,n.,A1,,,,,,şehir
civil,adj.,B2,,,,,,sivil
claim,"v.,",n.,B1,,,,,iddia
class,n.,A1,,,,,,sınıf
classic,"adj.,",n.,B2,,,,,klasik
classical,adj.,A2,,,,,,klasik
classroom,n.,A1,,,,,,sınıf
clause,n.,B1,,,,,,madde
clean,"adj.,",v.,A1,,,,,temiz
clear,adj.,"A2,",v.,B1,,,,temizlemek
clearly,adv.,A2,,,,,,açıkça
clever,adj.,A2,,,,,,akıllı
click,"v.,",n.,B1,,,,,tıklamak
client,n.,B1,,,,,,müşteri
climate,n.,A2,,,,,,iklim
climb,v.,"A1,",n.,B1,,,,tırmanmak
clock,n.,A1,,,,,,saat
close1,v.,"A1,",n.,B2,,,,kapat1
close2,adj.,"A2,",adv.,B1,,,,kapat2
closed,adj.,A2,,,,,,kapalı
closely,adv.,B2,,,,,,yakından
cloth,n.,B1,,,,,,kumaş
clothes,n.,A1,,,,,,kıyafetler
clothing,n.,A2,,,,,,giyim
cloud,n.,A2,,,,,,bulut
club,n.,A1,,,,,,kulüp
clue,n.,B1,,,,,,ipucu
coach,n.,"A2,",v.,B1,,,,koç
coal,n.,B1,,,,,,kömür
coast,n.,A2,,,,,,sahil
coat,n.,A1,,,,,,kaban
code,n.,A2,,,,,,kod
coffee,n.,A1,,,,,,Kahve
coin,n.,B1,,,,,,madeni para
cold,"adj.,",n.,A1,,,,,soğuk
collapse,"v.,",n.,B2,,,,,yıkılmak
colleague,n.,A2,,,,,,iş arkadaşı
collect,v.,A2,,,,,,TOPLAMAK
collection,n.,B1,,,,,,koleksiyon
college,n.,A1,,,,,,üniversite
colour,n.,A1,,,,,,renk
coloured,adj.,B1,,,,,,renkli
column,n.,A2,,,,,,kolon
combination,n.,B2,,,,,,kombinasyon
combine,v.,B1,,,,,,birleştirmek
come,v.,A1,,,,,,Gelmek
comedy,n.,A2,,,,,,komedi
comfort,"n.,",v.,B2,,,,,konfor
comfortable,adj.,A2,,,,,,rahat
command,"n.,",v.,B2,,,,,emretmek
comment,n.,"A2,",v.,B1,,,,Yorum
commercial,"adj.,",n.,B1,,,,,reklam
commission,"n.,",v.,B2,,,,,komisyon
commit,v.,B1,,,,,,işlemek
commitment,n.,B2,,,,,,bağlılık
committee,n.,B2,,,,,,komite
common,"adj.,",n.,A1,,,,,yaygın
commonly,adv.,B2,,,,,,genellikle
communicate,v.,A2,,,,,,iletişim
communication,n.,B1,,,,,,iletişim
community,n.,A2,,,,,,toplum
company,n.,A1,,,,,,şirket
compare,v.,A1,,,,,,karşılaştırmak
comparison,n.,B1,,,,,,karşılaştırmak
compete,v.,A2,,,,,,rekabet etmek
competition,n.,A2,,,,,,yarışma
competitive,adj.,B1,,,,,,rekabetçi
competitor,n.,B1,,,,,,yarışmacı
complain,v.,A2,,,,,,şikayet etmek
complaint,n.,B1,,,,,,şikayet
complete,"adj.,",v.,A1,,,,,tamamlamak
completely,adv.,A2,,,,,,tamamen
complex,adj.,"B1,",n.,B2,,,,karmaşık
complicated,adj.,B2,,,,,,karmaşık
component,n.,B2,,,,,,bileşen
,,,,,,,,#VALUE!
computer,n.,A1,,,,,,bilgisayar
concentrate,v.,B1,,,,,,konsantre
concentration,n.,B2,,,,,,konsantrasyon
concept,n.,B2,,,,,,kavram
concern,"n.,",v.,B2,,,,,kaygı
concerned,adj.,B2,,,,,,endişeli
concert,n.,A1,,,,,,konser
conclude,v.,B1,,,,,,sonuçlandırmak
conclusion,n.,B1,,,,,,çözüm
condition,n.,A2,,,,,,durum
conduct,"v.,",n.,B2,,,,,yönetmek
conference,n.,A2,,,,,,konferans
confidence,n.,B2,,,,,,kendinden emin
confident,adj.,B1,,,,,,kendinden emin
confirm,v.,B1,,,,,,onaylamak
conflict,"n.,",v.,B2,,,,,anlaşmazlık
confuse,v.,B1,,,,,,kafası karışmak
confused,adj.,B1,,,,,,kafası karışmış
confusing,adj.,B2,,,,,,kafa karıştırıcı
connect,v.,A2,,,,,,bağlamak
connected,adj.,A2,,,,,,bağlı
connection,n.,B1,,,,,,bağlantı
conscious,adj.,B2,,,,,,bilinçli
consequence,n.,B1,,,,,,sonuçlar
conservative,"adj.,",n.,B2,,,,,tutucu
consider,v.,A2,,,,,,dikkate almak
consideration,n.,B2,,,,,,düşünce
consist,v.,B1,,,,,,meydana gelmek
consistent,adj.,B2,,,,,,tutarlı
constant,adj.,B2,,,,,,devamlı
constantly,adv.,B2,,,,,,sürekli
construct,v.,B2,,,,,,inşa etmek
construction,n.,B2,,,,,,yapı
consume,v.,B1,,,,,,tüketmek
consumer,n.,B1,,,,,,tüketici
contact,"n.,",v.,B1,,,,,temas etmek
contain,v.,A2,,,,,,içermek
container,n.,B1,,,,,,konteyner
contemporary,adj.,B2,,,,,,modern
content1,n.,B1,,,,,,içerik1
contest,"n.,",v.,B2,,,,,yarışma
context,n.,A2,,,,,,bağlam
continent,n.,A2,,,,,,kıta
continue,v.,A2,,,,,,devam etmek
continuous,adj.,B1,,,,,,sürekli
contract,"n.,",v.,B2,,,,,sözleşme
contrast,"n.,",v.,B1,,,,,zıtlık
contribute,v.,B2,,,,,,katkı yapmak
contribution,n.,B2,,,,,,katkı
control,"n.,",v.,A2,,,,,kontrol
convenient,adj.,B1,,,,,,uygun
conversation,n.,A1,,,,,,konuşma
convert,v.,B2,,,,,,dönüştürmek
convince,v.,B1,,,,,,ikna etmek
convinced,adj.,B2,,,,,,ikna edilmiş
cook,v.,"A1,",n.,A2,,,,aşçı
cooker,n.,A2,,,,,,ocak
cooking,n.,A1,,,,,,yemek pişirmek
cool,adj.,"A1,",v.,B1,,,,Serin
copy,"n.,",v.,A2,,,,,kopyala
core,"n.,",adj.,B2,,,,,çekirdek
corner,n.,A2,,,,,,köşe
corporate,adj.,B2,,,,,,kurumsal
correct,"adj.,",v.,A1,,,,,doğru
correctly,adv.,A2,,,,,,doğru bir şekilde
cost,"n.,",v.,A1,,,,,maliyet
costume,n.,B1,,,,,,kostüm
cottage,n.,B1,,,,,,kır evi
cotton,n.,B1,,,,,,pamuk
could,modal,v.,A1,,,,,olabilir
council,n.,B2,,,,,,konsey
count,v.,"A2,",n.,B1,,,,saymak
country,n.,A1,,,,,,ülke
countryside,n.,B1,,,,,,kırsal kesim
county,n.,B2,,,,,,kontluk
couple,n.,A2,,,,,,çift
courage,n.,B2,,,,,,cesaret
course,n.,A1,,,,,,kurs
court,n.,B1,,,,,,mahkeme
cousin,n.,A1,,,,,,kuzen
cover,v.,"A2,",n.,B1,,,,kapak
covered,adj.,B1,,,,,,kapalı
cow,n.,A1,,,,,,inek
crash,"n.,",v.,B2,,,,,kaza
crazy,adj.,A2,,,,,,deli
cream,n.,"A1,",adj.,B1,,,,krem
create,v.,A1,,,,,,yaratmak
creation,n.,B2,,,,,,yaratım
creative,adj.,A2,,,,,,yaratıcı
creature,n.,B2,,,,,,yaratık
credit,n.,"A2,",v.,B2,,,,kredi
crew,n.,B2,,,,,,mürettebat
crime,n.,A2,,,,,,suç
criminal,n.,"A2,",adj.,B1,,,,suçlu
crisis,n.,B2,,,,,,kriz
criterion,n.,B2,,,,,,kriter
critic,n.,B2,,,,,,eleştirmen
critical,adj.,B2,,,,,,kritik
criticism,n.,B2,,,,,,eleştiri
criticize,v.,B2,,,,,,eleştirmek
crop,n.,B2,,,,,,mahsul
cross,"v.,",n.,A2,,,,,geçmek
crowd,n.,A2,,,,,,kalabalık
crowded,adj.,A2,,,,,,kalabalık
crucial,adj.,B2,,,,,,hayati
cruel,adj.,B1,,,,,,acımasız
cry,v.,"A2,",n.,B2,,,,ağlamak
cultural,adj.,B1,,,,,,kültürel
culture,n.,A1,,,,,,kültür
cup,n.,A1,,,,,,bardak
cupboard,n.,A2,,,,,,büfe
cure,"v.,",n.,B2,,,,,tedavi
curly,adj.,A2,,,,,,kıvırcık
currency,n.,B1,,,,,,para birimi
current,adj.,"B1,",n.,B2,,,,akım
currently,adv.,B1,,,,,,şu anda
curtain,n.,B1,,,,,,perde
curve,"n.,",v.,B2,,,,,eğri
curved,adj.,B2,,,,,,kavisli
custom,n.,B1,,,,,,gelenek
customer,n.,A1,,,,,,müşteri
cut,v.,"A1,",n.,B1,,,,kesmek
cycle,"n.,",v.,A2,,,,,döngü
dad,n.,A1,,,,,,baba
daily,adj.,"A2,",adv.,B1,,,,günlük
damage,"n.,",v.,B1,,,,,zarar
dance,"n.,",v.,A1,,,,,dans
dancer,n.,A1,,,,,,dansçı
dancing,n.,A1,,,,,,dans
danger,n.,A2,,,,,,tehlike
dangerous,adj.,A1,,,,,,tehlikeli
dark,adj.,"A1,",n.,A2,,,,karanlık
data,n.,A2,,,,,,veri
date,n.,"A1,",v.,B2,,,,tarih
daughter,n.,A1,,,,,,kız çocuğu
day,n.,A1,,,,,,gün
dead,adj.,A2,,,,,,ölü
deal,v.,"A2,",n.,B1,,,,anlaşmak
dear,adj.,"A1,",exclam.,A2,,,,Sayın
death,n.,A2,,,,,,ölüm
debate,"n.,",v.,B2,,,,,çekişme
debt,n.,B2,,,,,,borç
decade,n.,B1,,,,,,on yıl
December,n.,A1,,,,,,Aralık
decent,adj.,B2,,,,,,düzgün
decide,v.,A1,,,,,,karar vermek
decision,n.,A2,,,,,,karar
declare,v.,B2,,,,,,ilan etmek
decline,"v.,",n.,B2,,,,,reddetmek
decorate,v.,B1,,,,,,süslemek
decoration,n.,B2,,,,,,dekorasyon
decrease,"v.,",n.,B2,,,,,azaltmak
deep,adj.,"A2,",adv.,B1,,,,derin
deeply,adv.,B2,,,,,,derinlemesine
defeat,"v.,",n.,B2,,,,,yenmek
defence,n.,B2,,,,,,savunma
defend,v.,B2,,,,,,savunmak
define,v.,B1,,,,,,tanımlamak
definite,adj.,B1,,,,,,kesin
definitely,adv.,A2,,,,,,kesinlikle
definition,n.,B1,,,,,,tanım
degree,n.,A2,,,,,,derece
delay,"v.,",n.,B2,,,,,gecikme
deliberate,adj.,B2,,,,,,kasıtlı
deliberately,adv.,B2,,,,,,kasten
delicious,adj.,A1,,,,,,lezzetli
delight,"v.,",n.,B2,,,,,zevk
delighted,adj.,B2,,,,,,memnun
deliver,v.,B1,,,,,,teslim etmek
delivery,n.,B2,,,,,,teslimat
demand,"n.,",v.,B2,,,,,talep etmek
demonstrate,v.,B2,,,,,,göstermek
dentist,n.,A2,,,,,,dişçi
deny,v.,B2,,,,,,reddetmek
department,n.,A2,,,,,,departman
departure,n.,B1,,,,,,kalkış
depend,v.,A2,,,,,,bağlı olmak
depressed,adj.,B2,,,,,,depresyonda
depressing,adj.,B2,,,,,,moral bozucu
depth,n.,B2,,,,,,derinlik
describe,v.,A1,,,,,,betimlemek
description,n.,A1,,,,,,Tanım
desert,n.,"A2,",v.,B2,,,,çöl
deserve,v.,B2,,,,,,hak etmek
design,"n.,",v.,A1,,,,,tasarım
designer,n.,A2,,,,,,tasarımcı
desire,"n.,",v.,B2,,,,,arzu
desk,n.,A1,,,,,,çalışma masası
desperate,adj.,B2,,,,,,çaresiz
despite,prep.,B1,,,,,,aksine
destination,n.,B1,,,,,,varış noktası
destroy,v.,A2,,,,,,tahrip etmek
detail,n.,"A1,",v.,B2,,,,detay
detailed,adj.,B2,,,,,,ayrıntılı
detect,v.,B2,,,,,,tespit etmek
detective,n.,A2,,,,,,dedektif
determine,v.,B1,,,,,,belirlemek
determined,adj.,B1,,,,,,azimli
develop,v.,A2,,,,,,geliştirmek
development,n.,B1,,,,,,gelişim
device,n.,A2,,,,,,cihaz
diagram,n.,B1,,,,,,diyagram
dialogue,n.,A1,,,,,,diyalog
diamond,n.,B1,,,,,,elmas
diary,n.,A2,,,,,,günlük
dictionary,n.,A1,,,,,,sözlük
die,v.,A1,,,,,,ölmek
diet,n.,A1,,,,,,diyet
difference,n.,A1,,,,,,fark
different,adj.,A1,,,,,,farklı
differently,adv.,A2,,,,,,farklı bir şekilde
difficult,adj.,A1,,,,,,zor
difficulty,n.,B1,,,,,,zorluk
dig,v.,B2,,,,,,kazmak
digital,adj.,A2,,,,,,dijital
dinner,n.,A1,,,,,,akşam yemeği
direct,adj.,"A2,","v.,",adv.,B1,,,doğrudan
direction,n.,A2,,,,,,yön
directly,adv.,B1,,,,,,doğrudan
director,n.,A2,,,,,,müdür
dirt,n.,B1,,,,,,kir
dirty,adj.,A1,,,,,,kirli
disadvantage,n.,B1,,,,,,dezavantaj
disagree,v.,A2,,,,,,aynı fikirde olmamak
disappear,v.,A2,,,,,,yok olmak
disappointed,adj.,B1,,,,,,hayal kırıklığına uğramış
disappointing,adj.,B1,,,,,,hayal kırıklığı
disaster,n.,A2,,,,,,felaket
disc,n.,B2,,,,,,disk
discipline,n.,B2,,,,,,disiplin
discount,n.,"B1,",v.,B2,,,,indirim
discover,v.,A2,,,,,,keşfetmek
discovery,n.,A2,,,,,,keşif
discuss,v.,A1,,,,,,tartışmak
discussion,n.,A2,,,,,,tartışma
disease,n.,A2,,,,,,hastalık
dish,n.,A1,,,,,,tabak
dishonest,adj.,B2,,,,,,sahtekâr
dislike,"v.,",n.,B1,,,,,beğenmeme
dismiss,v.,B2,,,,,,azletmek
display,"v.,",n.,B2,,,,,görüntülemek
distance,n.,A2,,,,,,mesafe
distribute,v.,B2,,,,,,dağıtmak
distribution,n.,B2,,,,,,dağıtım
district,n.,B2,,,,,,semt
divide,v.,"B1,",n.,B2,,,,bölmek
division,n.,B2,,,,,,bölüm
divorced,adj.,A2,,,,,,boşanmış
do1,"v.,",auxiliary,v.,A1,,,,do1
doctor,n.,A1,,,,,,doktor
document,n.,"A2,",v.,B2,,,,belge
documentary,n.,B1,,,,,,belgesel
dog,n.,A1,,,,,,köpek
dollar,n.,A1,,,,,,dolar
domestic,adj.,B2,,,,,,yerel
dominate,v.,B2,,,,,,hakim olmak
donate,v.,B1,,,,,,bağış yapmak
door,n.,A1,,,,,,kapı
double,"adj.,","det.,","pron.,",v.,"A2,",,,çift
adv.,B1,,,,,,,zarf.
doubt,"n.,",v.,B1,,,,,şüphe
down,"adv.,",prep.,A1,,,,,aşağı
download,"v.,",n.,A2,,,,,indirmek
downstairs,adv.,"A1,",adj.,A2,,,,alt katta
downwards,adv.,B2,,,,,,aşağı
dozen,"n.,",det.,B2,,,,,düzine
draft,"n.,",v.,B2,,,,,taslak
drag,v.,B2,,,,,,sürüklemek
drama,n.,A2,,,,,,drama
dramatic,adj.,B2,,,,,,dramatik
draw,v.,A1,,,,,,çizmek
drawing,n.,A2,,,,,,çizim
dream,"n.,",v.,A2,,,,,rüya
dress,"n.,",v.,A1,,,,,elbise
dressed,adj.,B1,,,,,,giyinmiş
drink,"n.,",v.,A1,,,,,içmek
drive,v.,"A1,",n.,A2,,,,sürmek
driver,n.,A1,,,,,,sürücü
driving,n.,A2,,,,,,sürüş
drop,v.,"A2,",n.,B1,,,,düşürmek
,,,,,,,,#VALUE!
drug,n.,A2,,,,,,ilaç
drum,n.,B1,,,,,,davul
drunk,adj.,B1,,,,,,sarhoş
dry,"adj.,",v.,A2,,,,,kuru
due,adj.,B1,,,,,,vadesi dolmuş
during,prep.,A1,,,,,,sırasında
dust,n.,B1,,,,,,toz
duty,n.,B1,,,,,,görev
DVD,n.,A1,,,,,,DVD
each,det./pron./adv.,A1,,,,,,her biri
ear,n.,A1,,,,,,kulak
early,"adj.,",adv.,A1,,,,,erken
earn,v.,A2,,,,,,para kazanmak
earth,n.,A2,,,,,,toprak
earthquake,n.,B1,,,,,,deprem
easily,adv.,A2,,,,,,kolayca
east,"n.,","adj.,",adv.,A1,,,,doğu
eastern,adj.,B1,,,,,,doğu
easy,adj.,A1,,,,,,kolay
eat,v.,A1,,,,,,yemek yemek
economic,adj.,B1,,,,,,ekonomik
economy,n.,B1,,,,,,ekonomi
edge,n.,B1,,,,,,kenar
edit,v.,B2,,,,,,düzenlemek
edition,n.,B2,,,,,,baskı
editor,n.,B1,,,,,,editör
educate,v.,B1,,,,,,eğitmek
educated,adj.,B1,,,,,,eğitimli
education,n.,A2,,,,,,eğitim
educational,adj.,B1,,,,,,eğitimsel
effect,n.,A2,,,,,,etki
effective,adj.,B1,,,,,,etkili
effectively,adv.,B1,,,,,,etkili bir şekilde
efficient,adj.,B2,,,,,,verimli
effort,n.,B1,,,,,,çaba
egg,n.,A1,,,,,,yumurta
eight,number,A1,,,,,,sekiz
eighteen,number,A1,,,,,,on sekiz
eighty,number,A1,,,,,,seksen
either,"det./pron.,",adv.,A2,,,,,herhangi biri
elderly,adj.,B2,,,,,,yaşlı
elect,v.,B2,,,,,,seçmen
election,n.,B1,,,,,,seçim
electric,adj.,A2,,,,,,elektrik
electrical,adj.,A2,,,,,,elektrik
electricity,n.,A2,,,,,,elektrik
electronic,adj.,A2,,,,,,elektronik
element,n.,B1,,,,,,element
elephant,n.,A1,,,,,,fil
eleven,number,A1,,,,,,on bir
else,adv.,A1,,,,,,başka
elsewhere,adv.,B2,,,,,,başka yerlerde
email,"n.,",v.,A1,,,,,e-posta
embarrassed,adj.,B1,,,,,,utanmış
embarrassing,adj.,B1,,,,,,utandırıcı
emerge,v.,B2,,,,,,meydana gelmek
emergency,n.,B1,,,,,,acil durum
emotion,n.,B1,,,,,,duygu
emotional,adj.,B2,,,,,,duygusal
emphasis,n.,B2,,,,,,vurgu
emphasize,v.,B2,,,,,,vurgu
employ,v.,A2,,,,,,işe almak
employee,n.,A2,,,,,,çalışan
employer,n.,A2,,,,,,iş veren
employment,n.,B1,,,,,,istihdam
empty,adj.,"A2,",v.,B1,,,,boş
enable,v.,B2,,,,,,olanak vermek
encounter,"v.,",n.,B2,,,,,rastlamak
encourage,v.,B1,,,,,,cesaretlendirmek
end,"n.,",v.,A1,,,,,son
ending,n.,A2,,,,,,son
enemy,n.,B1,,,,,,düşman
energy,n.,A2,,,,,,enerji
engage,v.,B2,,,,,,angaje etmek
engaged,adj.,B1,,,,,,nişanlı
engine,n.,A2,,,,,,motor
engineer,n.,A2,,,,,,mühendis
engineering,n.,B1,,,,,,mühendislik
enhance,v.,B2,,,,,,genişletmek
enjoy,v.,A1,,,,,,Eğlence
enormous,adj.,A2,,,,,,kocaman
enough,"det.,","pron.,",adv.,A1,,,,yeterli
enquiry,n.,B2,,,,,,sorgu
ensure,v.,B2,,,,,,emin olmak
enter,v.,A2,,,,,,girmek
entertain,v.,B1,,,,,,eğlendirmek
entertainment,n.,B1,,,,,,eğlence
enthusiasm,n.,B2,,,,,,heves
enthusiastic,adj.,B2,,,,,,hevesli
entire,adj.,B2,,,,,,bütün
entirely,adv.,B2,,,,,,tamamen
entrance,n.,B1,,,,,,giriş
entry,n.,B1,,,,,,giriş
environment,n.,A2,,,,,,çevre
environmental,adj.,B1,,,,,,çevresel
episode,n.,B1,,,,,,bölüm
equal,"adj.,",v.,"B1,",n.,B2,,,eşit
equally,adv.,B1,,,,,,eşit olarak
equipment,n.,A2,,,,,,teçhizat
error,n.,A2,,,,,,hata
escape,"v.,",n.,B1,,,,,kaçmak
especially,adv.,A2,,,,,,özellikle
essay,n.,A2,,,,,,makale
essential,adj.,B1,,,,,,gerekli
establish,v.,B2,,,,,,kurmak
estate,n.,B2,,,,,,mülk
estimate,"v.,",n.,B2,,,,,tahmin etmek
ethical,adj.,B2,,,,,,etik
euro,n.,A1,,,,,,euro
evaluate,v.,B2,,,,,,değerlendirmek
even,adv.,"A1,",adj.,B2,,,,eşit
evening,n.,A1,,,,,,akşam
event,n.,A1,,,,,,etkinlik
eventually,adv.,B1,,,,,,sonunda
ever,adv.,A1,,,,,,durmadan
every,det.,A1,,,,,,Her
everybody,pron.,A1,,,,,,herkes
everyday,adj.,A2,,,,,,Her gün
everyone,pron.,A1,,,,,,herkes
everything,pron.,A1,,,,,,her şey
everywhere,adv.,A2,,,,,,her yer
evidence,n.,A2,,,,,,kanıt
evil,"adj.,",n.,B2,,,,,fenalık
exact,adj.,A2,,,,,,bire bir aynı
exactly,adv.,A2,,,,,,Kesinlikle
exam,n.,A1,,,,,,sınav
examination,n.,B2,,,,,,sınav
examine,v.,B1,,,,,,incelemek
example,n.,A1,,,,,,örnek
excellent,adj.,A2,,,,,,harika
except,prep.,"A2,",conj.,B1,,,,hariç
exchange,"n.,",v.,B1,,,,,değişme
excited,adj.,A1,,,,,,heyecanlı
excitement,n.,B1,,,,,,heyecanlanmak
exciting,adj.,A1,,,,,,heyecan verici
excuse,"n.,",v.,B2,,,,,mazeret
executive,"n.,",adj.,B2,,,,,yönetici
exercise,"n.,",v.,A1,,,,,egzersiz yapmak
exhibition,n.,B1,,,,,,sergi
exist,v.,A2,,,,,,var olmak
existence,n.,B2,,,,,,varoluş
expand,v.,B1,,,,,,genişletmek
expect,v.,A2,,,,,,beklemek
expectation,n.,B2,,,,,,beklenti
expected,adj.,B1,,,,,,beklenen
expedition,n.,B1,,,,,,sefer
expense,n.,B2,,,,,,masraf
expensive,adj.,A1,,,,,,masraflı
experience,n.,"A2,",v.,B1,,,,deneyim
experienced,adj.,B1,,,,,,deneyimli
experiment,n.,"A2,",v.,B1,,,,deney
expert,"n.,",adj.,A2,,,,,uzman
explain,v.,A1,,,,,,açıklamak
explanation,n.,A2,,,,,,açıklama
explode,v.,B1,,,,,,patlamak
exploration,n.,B2,,,,,,keşif
explore,v.,B1,,,,,,keşfetmek
explosion,n.,B1,,,,,,patlama
export,"n.,",v.,B1,,,,,ihracat
expose,v.,B2,,,,,,ortaya çıkarmak
express,v.,A2,,,,,,ifade etmek
expression,n.,A2,,,,,,ifade
extend,v.,B2,,,,,,uzatmak
extent,n.,B2,,,,,,kapsam
external,adj.,B2,,,,,,harici
extra,adj.,"A1,","n.,",adv.,B1,,,ekstra
extraordinary,adj.,B2,,,,,,olağanüstü
extreme,adj.,"A2,",n.,B2,,,,aşırı
extremely,adv.,A2,,,,,,aşırı boyutta
eye,n.,A1,,,,,,göz
face,n.,"A1,",v.,B1,,,,yüz
facility,n.,B2,,,,,,tesis
fact,n.,A1,,,,,,hakikat
factor,n.,A2,,,,,,faktör
factory,n.,A2,,,,,,fabrika
fail,v.,A2,,,,,,hata
failure,n.,B2,,,,,,arıza
fair,adj.,A2,,,,,,adil
fairly,adv.,B1,,,,,,adil bir şekilde
faith,n.,B2,,,,,,inanç
fall,v.,"A1,",n.,A2,,,,düşmek
FALSE,adj.,A1,,,,,,YANLIŞ
familiar,adj.,B1,,,,,,aşina
family,"n.,",adj.,A1,,,,,aile
famous,adj.,A1,,,,,,ünlü
fan,n.,A2,,,,,,fan
fancy,"v.,",adj.,B1,,,,,süslü
fantastic,adj.,A1,,,,,,fantastik
far,adv.,"A1,",adj.,B1,,,,uzak
farm,n.,"A1,",v.A2,,,,,çiftlik
farmer,n.,A1,,,,,,çiftçi
farming,n.,A2,,,,,,tarım
fascinating,adj.,B1,,,,,,büyüleyici
fashion,n.,A2,,,,,,moda
fashionable,adj.,B1,,,,,,moda
fast,"adj.,",adv.,A1,,,,,hızlı
fasten,v.,B1,,,,,,sabitle
fat,adj.,"A1,",n.A2,,,,,yağ
father,n.,A1,,,,,,baba
fault,n.,B2,,,,,,arıza
favour,n.,"B1,",v.,B2,,,,iyilik
favourite,"adj.,",n.,A1,,,,,favori
fear,n.,"A2,",v.,B1,,,,korku
feather,n.,B2,,,,,,tüy
feature,n.,"A2,",v.,B1,,,,özellik
February,n.,A1,,,,,,Şubat
fee,n.,B2,,,,,,ücret
feed,v.,"A2,",n.,B2,,,,beslemek
feedback,n.,B2,,,,,,geri bildirim
feel,v.,"A1,",n.,B2,,,,hissetmek
feeling,n.,A1,,,,,,his
fellow,adj.,B2,,,,,,aynı tür
female,"adj.,",n.,A2,,,,,dişi
fence,n.,B1,,,,,,çit
festival,n.,A1,,,,,,festival
few,"det./adj.,",pron.,A1,,,,,bir kaç
fiction,n.,A2,,,,,,kurgu
field,n.,A2,,,,,,alan
fifteen,number,A1,,,,,,on beş
fifth,number,A1,,,,,,beşinci
fifty,number,A1,,,,,,elli
fight,"v.,",n.,A2,,,,,kavga
fighting,n.,B1,,,,,,dövüş
figure,n.,"A2,",v.,B2,,,,figür
file,n.,"B1,",v.,B2,,,,dosya
fill,v.,A1,,,,,,doldurmak
film,n.,"A1,",v.,A2,,,,film
final,adj.,"A1,",n.,A2,,,,son
finally,adv.,A2,,,,,,Sonunda
finance,"n.,",v.,B2,,,,,finans
financial,adj.,B1,,,,,,finansal
find,v.,A1,,,,,,bulmak
finding,n.,B2,,,,,,bulma
fine,adj.,A1,,,,,,iyi
finger,n.,A2,,,,,,parmak
finish,v.,"A1,",n.,A2,,,,sona ermek
fire,n.,"A1,",v.,B1,,,,ateş
firm,n.,B2,,,,,,firma
first,"det./number,",adv.,"A1,",n.,A2,,,Birinci
firstly,adv.,A2,,,,,,İlk önce
fish,n.,"A1,",v.,A2,,,,balık
fishing,n.,A2,,,,,,balıkçılık
fit,"v.,",adj.,A2,,,,,yerleştirmek
fitness,n.,B1,,,,,,fitness
five,number,A1,,,,,,beş
fix,v.,"A2,",n.,B2,,,,düzeltmek
fixed,adj.,B1,,,,,,sabit
flag,n.,B1,,,,,,bayrak
flame,n.,B2,,,,,,alev
flash,"n.,",v.,B2,,,,,flaş
flat,n.,"A1,",adj.,A2,,,,düz
flexible,adj.,B2,,,,,,esnek
flight,n.,A1,,,,,,uçuş
float,v.,B2,,,,,,batmadan yüzmek
flood,"n.,",v.,B1,,,,,sel basmak
floor,n.,A1,,,,,,zemin
flour,n.,B1,,,,,,un
flow,"v.,",n.,B1,,,,,akış
flower,n.,A1,,,,,,çiçek
flu,n.,A2,,,,,,nezle
fly,v.,"A1,",n.,A2,,,,uçmak
flying,"n.,",adj.,A2,,,,,uçan
focus,"v.,",n.,A2,,,,,odak
fold,v.,"B1,",n.,B2,,,,katlamak
folding,adj.,B2,,,,,,katlama
folk,"n.,",adj.,B1,,,,,halk
follow,v.,A1,,,,,,takip etmek
following,adj.,"A2,",n.,"B1,",prep.,B2,,takip etme
food,n.,A1,,,,,,yiyecek
foot,n.,A1,,,,,,ayak
football,n.,A1,,,,,,futbol
for,prep.,A1,,,,,,için
force,"n.,",v.,B1,,,,,güç
foreign,adj.,A2,,,,,,yabancı
forest,n.,A2,,,,,,orman
forever,adv.,B1,,,,,,sonsuza kadar
forget,v.,A1,,,,,,unutmak
forgive,v.,B2,,,,,,affetmek
fork,n.,A2,,,,,,çatal
form,"n.,",v.,A1,,,,,biçim
,,,,,,,,#VALUE!
formal,adj.,A2,,,,,,resmi
former,adj.,B2,,,,,,önceki
fortunately,adv.,A2,,,,,,neyse ki
fortune,n.,B2,,,,,,talih
forty,number,A1,,,,,,kırk
forward,adv.,"A2,",adj.,B2,,,,ileri
found,v.,B2,,,,,,kurmak
four,number,A1,,,,,,dört
fourteen,number,A1,,,,,,on dört
fourth,number,A1,,,,,,dördüncü
frame,"n.,",v.,B1,,,,,çerçeve
free,adj.,"A1,",adv.,"A2,",v.,B2,,özgür
freedom,n.,B2,,,,,,özgürlük
freeze,v.,B1,,,,,,dondurun
frequency,n.,B2,,,,,,sıklık
frequently,adv.,B1,,,,,,sıklıkla
fresh,adj.,A2,,,,,,taze
Friday,n.,A1,,,,,,Cuma
fridge,n.,A2,,,,,,buzdolabı
friend,n.,A1,,,,,,arkadaş
friendly,adj.,A1,,,,,,arkadaşça
friendship,n.,B1,,,,,,dostluk
frighten,v.,B1,,,,,,korkutmak
frightened,adj.,B1,,,,,,korkmuş
frightening,adj.,B1,,,,,,korkutucu
frog,n.,A2,,,,,,kurbağa
from,prep.,A1,,,,,,itibaren
front,"n.,",adj.,A1,,,,,ön
frozen,adj.,B1,,,,,,dondurulmuş
fruit,n.,A1,,,,,,meyve
fry,v.,B1,,,,,,yağda kızartmak
fuel,n.,"B1,",v.,B2,,,,yakıt
full,adj.,A1,,,,,,tam dolu
fully,adv.,B2,,,,,,tamamen
fun,n.,"A1,",adj.,A2,,,,eğlence
function,n.,"B1,",v.,B2,,,,işlev
fund,"n.,",v.,B2,,,,,fon
fundamental,adj.,B2,,,,,,esas
funding,n.,B2,,,,,,fonlama
funny,adj.,A1,,,,,,eğlenceli
fur,n.,B1,,,,,,kürk
furniture,n.,A2,,,,,,mobilya
further,adj.,"A2,",adv.,B1,,,,daha öte
furthermore,adv.,B2,,,,,,üstelik
future,n.,"A1,",adj.,A2,,,,gelecek
gain,"v.,",n.,B2,,,,,kazanmak
gallery,n.,A2,,,,,,galeri
game,n.,A1,,,,,,oyun
gang,n.,B2,,,,,,çete
gap,n.,A2,,,,,,açıklık
garage,n.,B1,,,,,,garaj
garden,n.,A1,,,,,,bahçe
gas,n.,A2,,,,,,gaz
gate,n.,A2,,,,,,geçit
gather,v.,B1,,,,,,toplamak
general,adj.,A2,,,,,,genel
generally,adv.,B1,,,,,,genel olarak
generate,v.,B2,,,,,,üretmek
generation,n.,B1,,,,,,nesil
generous,adj.,B1,,,,,,cömert
genre,n.,B2,,,,,,tür
gentle,adj.,B1,,,,,,nazik
gentleman,n.,B1,,,,,,beyefendi
geography,n.,A1,,,,,,coğrafya
get,v.,A1,,,,,,elde etmek
ghost,n.,B1,,,,,,hayalet
giant,"adj.,",n.,B1,,,,,devasa
gift,n.,A2,,,,,,hediye
girl,n.,A1,,,,,,kız
girlfriend,n.,A1,,,,,,kız arkadaş
give,v.,A1,,,,,,vermek
glad,adj.,B1,,,,,,memnun
glass,n.,A1,,,,,,bardak
global,adj.,B1,,,,,,küresel
glove,n.,B1,,,,,,eldiven
go,v.,"A1,",n.,B1,,,,Gitmek
goal,n.,A2,,,,,,amaç
god,n.,A2,,,,,,Tanrı
gold,"n.,",adj.,A2,,,,,altın
golf,n.,A2,,,,,,golf
good,adj.,"A1,",n.,A2,,,,iyi
goodbye,exclam./n.,A1,,,,,,Güle güle
goods,n.,B1,,,,,,mal
govern,v.,B2,,,,,,yönet
government,n.,A2,,,,,,devlet
grab,v.,B2,,,,,,yakalamak
grade,n.,"B1,",v.,B2,,,,seviye
gradually,adv.,B2,,,,,,gitgide
graduate,"n.,",v.,B1,,,,,mezun olmak
grain,n.,B1,,,,,,tahıl
grand,adj.,B2,,,,,,büyük
grandfather,n.,A1,,,,,,dede
grandmother,n.,A1,,,,,,büyükanne
grandparent,n.,A1,,,,,,büyükanne/büyükbaba
grant,"v.,",n.,B2,,,,,hibe etmek
grass,n.,A2,,,,,,çimen
grateful,adj.,B1,,,,,,minnettar
great,adj.,A1,,,,,,Harika
green,"adj.,",n.,A1,,,,,yeşil
greet,v.,A2,,,,,,selamlaşmak
grey,"adj.,",n.,A1,,,,,gri
ground,n.,A2,,,,,,zemin
group,n.,A1,,,,,,grup
grow,v.,A1,,,,,,büyümek
growth,n.,B1,,,,,,büyüme
guarantee,"v.,",n.,B2,,,,,garanti
guard,"n.,",v.,B1,,,,,koruma
guess,"v.,",n.,A1,,,,,tahmin etmek
guest,n.,A2,,,,,,misafir
guide,"n.,",v.,A2,,,,,rehber
guilty,adj.,B1,,,,,,suçlu
guitar,n.,A1,,,,,,gitar
gun,n.,A2,,,,,,silah
guy,n.,A2,,,,,,adam
gym,n.,A1,,,,,,spor salonu
habit,n.,A2,,,,,,alışkanlık
hair,n.,A1,,,,,,saç
half,"n.,",det./pron.,"A1,",adv.,A2,,,yarım
hall,n.,A2,,,,,,salon
hand,n.,"A1,",v.,B1,,,,el
handle,"v.,",n.,B2,,,,,halletmek
hang,v.,B1,,,,,,asmak
happen,v.,A1,,,,,,olmak
happily,adv.,A2,,,,,,mutlu bir şekilde
happiness,n.,B1,,,,,,mutluluk
happy,adj.,A1,,,,,,mutlu
hard,"adj.,",adv.,A1,,,,,zor
hardly,adv.,B1,,,,,,zorlu
harm,"n.,",v.,B2,,,,,zarar
harmful,adj.,B2,,,,,,zararlı
hat,n.,A1,,,,,,şapka
hate,v.,"A1,",n.,B1,,,,nefret
have,v.,"A1,",auxiliary,v.,A2,,,sahip olmak
have,to,modal,v.,A1,,,,sahip olmak
he,pron.,A1,,,,,,O
head,n.,"A1,",v.,B1,,,,KAFA
headache,n.,A2,,,,,,baş ağrısı
headline,n.,B1,,,,,,başlık
health,n.,A1,,,,,,sağlık
healthy,adj.,A1,,,,,,sağlıklı
hear,v.,A1,,,,,,duymak
hearing,n.,B2,,,,,,işitme
heart,n.,A2,,,,,,kalp
heat,"n.,",v.,A2,,,,,sıcaklık
heating,n.,B1,,,,,,ısıtma
heaven,n.,B2,,,,,,cennet
heavily,adv.,B1,,,,,,ağır
heavy,adj.,A2,,,,,,ağır
heel,n.,B2,,,,,,topuk
height,n.,A2,,,,,,yükseklik
helicopter,n.,B1,,,,,,helikopter
hell,n.,B2,,,,,,cehennem
hello,exclam./n.,A1,,,,,,Merhaba
help,"v.,",n.,A1,,,,,yardım
helpful,adj.,A2,,,,,,yardımsever
her,"pron.,",det.,A1,,,,,o
here,adv.,A1,,,,,,Burada
hero,n.,A2,,,,,,kahraman
hers,pron.,A2,,,,,,onun
herself,pron.,A2,,,,,,kendini
hesitate,v.,B2,,,,,,tereddüt etmek
hey,exclam.,A1,,,,,,Hey
hi,exclam.,A1,,,,,,MERHABA
hide,v.,A2,,,,,,saklamak
high,adj.,"A1,",adv.,"A2,",n.,B2,,yüksek
highlight,"v.,",n.,B1,,,,,vurgu
highly,adv.,B1,,,,,,yüksek
hill,n.,A2,,,,,,tepe
him,pron.,A1,,,,,,o
himself,pron.,A2,,,,,,kendisi
hire,v.,"B1,",n.,B2,,,,kiralamak
his,det.,"A1,",pron.,A2,,,,onun
historic,adj.,B1,,,,,,tarihi
historical,adj.,B1,,,,,,tarihi
history,n.,A1,,,,,,tarih
hit,"v.,",n.,A2,,,,,vurmak
hobby,n.,A1,,,,,,hobi
hockey,n.,A2,,,,,,hokey
hold,v.,"A2,",n.,B2,,,,tutmak
hole,n.,A2,,,,,,delik
holiday,n.,A1,,,,,,tatil
hollow,adj.,B2,,,,,,oyuk
holy,adj.,B2,,,,,,kutsal
home,"n.,",adv.,"A1,",adj.,A2,,,Ev
homework,n.,A1,,,,,,Ev ödevi
honest,adj.,B1,,,,,,dürüst
honour,"n.,",v.,B2,,,,,onur
hope,v.,"A1,",n.,A2,,,,umut
horrible,adj.,B1,,,,,,berbat
horror,n.,B1,,,,,,korku
horse,n.,A1,,,,,,atış
hospital,n.,A1,,,,,,hastane
host,n.,"B1,",v.,B2,,,,ev sahibi
hot,adj.,A1,,,,,,sıcak
hotel,n.,A1,,,,,,otel
hour,n.,A1,,,,,,saat
house,n.,"A1,",v.,B2,,,,ev
household,n.,B2,,,,,,ev
housing,n.,B2,,,,,,konut
how,adv.,A1,,,,,,Nasıl
however,adv.,A1,,,,,,Yine de
huge,adj.,A2,,,,,,büyük
human,"adj.,",n.,A2,,,,,insan
humorous,adj.,B2,,,,,,komik
humour,n.,B2,,,,,,mizah
hundred,number,A1,,,,,,yüz
hungry,adj.,A1,,,,,,aç
hunt,v.,"B1,",n.,B2,,,,avlamak
hunting,n.,B2,,,,,,avcılık
hurricane,n.,B1,,,,,,kasırga
hurry,"n.,",v.,B1,,,,,acele etmek
hurt,"v.,",adj.,"A2,",n.,B2,,,acıtmak
husband,n.,A1,,,,,,koca
I,pron.,A1,,,,,,BEN
ice,n.,A1,,,,,,buz
ice,cream,n.,A1,,,,,buz
idea,n.,A1,,,,,,fikir
ideal,adj.,"A2,",n.,B2,,,,ideal
identify,v.,A2,,,,,,tanımlamak
identity,n.,B1,,,,,,kimlik
if,conj.,A1,,,,,,eğer
ignore,v.,B1,,,,,,görmezden gelmek
ill,adj.,A2,,,,,,hasta
illegal,adj.,B1,,,,,,yasadışı
illness,n.,A2,,,,,,hastalık
illustrate,v.,B2,,,,,,resim
illustration,n.,B2,,,,,,illüstrasyon
image,n.,A2,,,,,,resim
imaginary,adj.,B1,,,,,,hayali
imagination,n.,B2,,,,,,hayal gücü
imagine,v.,A1,,,,,,hayal etmek
immediate,adj.,B1,,,,,,hemen
immediately,adv.,A2,,,,,,hemen
immigrant,n.,B1,,,,,,göçmen
impact,"n.,",v.,B1,,,,,darbe
impatient,adj.,B2,,,,,,sabırsız
imply,v.,B2,,,,,,ima etmek
import,"n.,",v.,B1,,,,,içe aktarmak
importance,n.,B1,,,,,,önem
important,adj.,A1,,,,,,önemli
impose,v.,B2,,,,,,dayatmak
impossible,adj.,A2,,,,,,imkansız
impress,v.,B2,,,,,,etkilemek
impressed,adj.,B2,,,,,,etkilenmiş
impression,n.,B1,,,,,,izlenim
impressive,adj.,B1,,,,,,etkileyici
improve,v.,A1,,,,,,geliştirmek
improvement,n.,B1,,,,,,gelişim
in,"prep.,",adv.,A1,,,,,içinde
inch,n.,B2,,,,,,inç
incident,n.,B2,,,,,,olay
include,v.,A1,,,,,,katmak
included,adj.,A2,,,,,,dahil
including,prep.,A2,,,,,,içermek
income,n.,B2,,,,,,gelir
increase,"v.,",n.,A2,,,,,arttırmak
increasingly,adv.,B2,,,,,,giderek artan
incredible,adj.,A2,,,,,,inanılmaz
incredibly,adv.,B1,,,,,,inanılmaz
indeed,adv.,B1,,,,,,Aslında
independent,adj.,A2,,,,,,bağımsız
indicate,v.,B1,,,,,,belirtmek
indirect,adj.,B1,,,,,,dolaylı
individual,"n.,",adj.,A2,,,,,bireysel
indoor,adj.,B1,,,,,,kapalı
indoors,adv.,B1,,,,,,iç mekan
industrial,adj.,B2,,,,,,endüstriyel
industry,n.,A2,,,,,,endüstri
infection,n.,B2,,,,,,enfeksiyon
influence,"n.,",v.,B1,,,,,etkilemek
inform,v.,B2,,,,,,bilgi vermek
informal,adj.,A2,,,,,,gayri resmi
information,n.,A1,,,,,,bilgi
ingredient,n.,B1,,,,,,bileşen
initial,adj.,B2,,,,,,ilk
initially,adv.,B2,,,,,,ilk olarak
initiative,n.,B2,,,,,,girişim
injure,v.,B1,,,,,,yaralanmak
injured,adj.,B1,,,,,,yaralı
injury,n.,A2,,,,,,incinme
,,,,,,,,#VALUE!
inner,adj.,B2,,,,,,iç
innocent,adj.,B1,,,,,,masum
insect,n.,A2,,,,,,böcek
inside,"prep.,","adv.,","n.,",adj.,A2,,,içeri
insight,n.,B2,,,,,,iç yüzü
insist,v.,B2,,,,,,ısrar etmek
inspire,v.,B2,,,,,,ilham vermek
install,v.,B2,,,,,,düzenlemek
instance,n.,B2,,,,,,misal
instead,adv.,A2,,,,,,yerine
institute,n.,B2,,,,,,enstitü
institution,n.,B2,,,,,,kurum
instruction,n.,A2,,,,,,talimat
instructor,n.,A2,,,,,,eğitmen
instrument,n.,A2,,,,,,alet
insurance,n.,B2,,,,,,sigorta
intelligence,n.,B1,,,,,,istihbarat
intelligent,adj.,A2,,,,,,zeki
intend,v.,B1,,,,,,niyet etmek
intended,adj.,B2,,,,,,amaçlanan
intense,adj.,B2,,,,,,yoğun
intention,n.,B1,,,,,,niyet
interest,"n.,",v.,A1,,,,,faiz
interested,adj.,A1,,,,,,ilgili
interesting,adj.,A1,,,,,,ilginç
internal,adj.,B2,,,,,,dahili
international,adj.,A2,,,,,,uluslararası
internet,n.,A1,,,,,,internet
interpret,v.,B2,,,,,,yorumlamak
interrupt,v.,B2,,,,,,yarıda kesmek
interview,"n.,",v.,A1,,,,,röportaj
into,prep.,A1,,,,,,içine
introduce,v.,A1,,,,,,tanıtmak
introduction,n.,A2,,,,,,giriiş
invent,v.,A2,,,,,,icat etmek
invention,n.,A2,,,,,,buluş
invest,v.,B1,,,,,,yatırım
investigate,v.,B1,,,,,,araştırmak
investigation,n.,B2,,,,,,soruşturma
investment,n.,B2,,,,,,yatırım
invitation,n.,A2,,,,,,davet
invite,v.,A2,,,,,,davet etmek
involve,v.,A2,,,,,,içermek
involved,adj.,B1,,,,,,dahil olmuş
iron,"n.,",v.,B1,,,,,ütü
island,n.,A1,,,,,,ada
issue,n.,"B1,",v.,B2,,,,sorun
IT,n.,B1,,,,,,BT
it,pron.,A1,,,,,,BT
item,n.,A2,,,,,,öğe
its,det.,A1,,,,,,onun
itself,pron.,A2,,,,,,kendisi
jacket,n.,A1,,,,,,ceket
jam,n.,A2,,,,,,reçel
January,n.,A1,,,,,,Ocak
jazz,n.,A2,,,,,,caz
jeans,n.,A1,,,,,,kot
jewellery,n.,A2,,,,,,mücevher
job,n.,A1,,,,,,iş
join,v.,A1,,,,,,katılmak
joke,"n.,",v.,A2,,,,,şaka
journal,n.,B1,,,,,,dergi
journalist,n.,A2,,,,,,gazeteci
journey,n.,A1,,,,,,seyahat
joy,n.,B2,,,,,,neşe
judge,"n.,",v.,B1,,,,,yargıç
judgement,n.,B2,,,,,,karar
juice,n.,A1,,,,,,meyve suyu
July,n.,A1,,,,,,Temmuz
jump,"v.,",n.,A2,,,,,zıplamak
June,n.,A1,,,,,,Haziran
junior,adj.,B2,,,,,,genç
just,adv.,A1,,,,,,Sadece
justice,n.,B2,,,,,,adalet
justify,v.,B2,,,,,,savunmak
keen,adj.,B1,,,,,,hevesli
keep,v.,A1,,,,,,kale
key,"n.,",adj.,"A1,",v.,B1,,,anahtar
keyboard,n.,B1,,,,,,klavye
kick,"v.,",n.,B1,,,,,tekme atmak
kid,n.,A2,,,,,,çocuk
kill,v.,A2,,,,,,öldürmek
killing,n.,B1,,,,,,öldürme
kilometre,n.,A1,,,,,,kilometre
kind,(type),n.,A1,,,,,tür
kind,(caring),adj.,B1,,,,,tür
king,n.,A2,,,,,,kral
kiss,"v.,",n.,B1,,,,,öpücük
kitchen,n.,A1,,,,,,mutfak
knee,n.,A2,,,,,,diz
knife,n.,A2,,,,,,bıçak
knock,v.,"A2,",n.,B1,,,,vur
know,v.,A1,,,,,,Bilmek
knowledge,n.,A2,,,,,,bilgi
lab,n.,A2,,,,,,laboratuvar
label,"n.,",v.,B1,,,,,etiket
laboratory,n.,B1,,,,,,laboratuvar
labour,n.,B2,,,,,,iş gücü
lack,"n.,",v.,B1,,,,,eksiklik
lady,n.,A2,,,,,,bayan
lake,n.,A2,,,,,,göl
lamp,n.,A2,,,,,,lamba
land,n.,"A1,",v.,A2,,,,kara
landscape,n.,B2,,,,,,manzara
language,n.,A1,,,,,,dil
laptop,n.,A2,,,,,,dizüstü bilgisayar
large,adj.,A1,,,,,,büyük
largely,adv.,B2,,,,,,büyük ölçüde
last1,(final),det.,"A1,","adv.,",n.,A2,,son1
last1,(taking,time),v.,A2,,,,son1
late,"adj.,",adv.,A1,,,,,geç
later,adv.,"A1,",adj.,A2,,,,Daha sonra
latest,adj.,"B1,",n.,B2,,,,en sonuncu
laugh,"v.,",n.,A1,,,,,gülmek
laughter,n.,A2,,,,,,kahkaha
launch,"v.,",n.,B2,,,,,öğle yemeği
law,n.,A2,,,,,,kanun
lawyer,n.,A2,,,,,,avukat
lay,v.,B1,,,,,,sermek
layer,n.,B1,,,,,,katman
lazy,adj.,A2,,,,,,tembel
lead1,v.,"A2,",n.,B1,,,,kurşun1
leader,n.,A2,,,,,,lider
leadership,n.,B2,,,,,,liderlik
leading,adj.,B1,,,,,,önde gelen
leaf,n.,B1,,,,,,yaprak
league,n.,B2,,,,,,lig
lean,v.,B2,,,,,,eğilmek
learn,v.,A1,,,,,,öğrenmek
learning,n.,A2,,,,,,öğrenme
least,"det./pron.,",adv.,A2,,,,,en az
leather,n.,B1,,,,,,deri
leave,v.,"A1,",n.,B2,,,,ayrılmak
lecture,"n.,",v.,A2,,,,,ders
left,"adj.,","adv.,",n.,A1,,,,sol
leg,n.,A1,,,,,,bacak
legal,adj.,B1,,,,,,yasal
leisure,n.,B1,,,,,,boş vakit
lemon,n.,A2,,,,,,limon
lend,v.,A2,,,,,,ödünç vermek
length,n.,B1,,,,,,uzunluk
less,"det./pron.,",adv.,A2,,,,,az
lesson,n.,A1,,,,,,ders
let,v.,A1,,,,,,izin vermek
letter,n.,A1,,,,,,mektup
level,n.,"A2,",adj.,"B1,",v.,B2,,seviye
library,n.,A1,,,,,,kütüphane
licence,n.,B2,,,,,,lisans
lie1,v.,A1,,,,,,yalan1
lie2,(tell,a,lie),"v.,",n.,B1,,yalan2
life,n.,A1,,,,,,hayat
lifestyle,n.,A2,,,,,,yaşam tarzı
lift,"v.,",n.,A2,,,,,kaldırmak
light,(from,the,sun/a,lamp),"n.,",,,ışık
adj.,"A1,",v.,A2,,,,,sıfat
light,(not,heavy),adj.,A2,,,,ışık
like,(similar),prep.,A1,,,,,beğenmek
like,(find,sb/sth,pleasant),v.,"A1,",,,beğenmek
n.,B1,,,,,,,N.
likely,adj.,A2,,,,,,büyük ihtimalle
limit,"n.,",v.,B1,,,,,limit
limited,adj.,B2,,,,,,sınırlı
line,n.,"A1,",v.,B2,,,,astar
link,"n.,",v.,A2,,,,,bağlantı
lion,n.,A1,,,,,,aslan
lip,n.,B1,,,,,,dudak
liquid,"n.,",adj.,B1,,,,,sıvı
list,"n.,",v.,A1,,,,,liste
listen,v.,A1,,,,,,Dinlemek
listener,n.,A2,,,,,,dinleyici
literature,n.,B1,,,,,,edebiyat
little,"adj.,",det./pron.,"A1,",adv.,A2,,,biraz
live1,v.,A1,,,,,,canlı1
live2,"adj.,",adv.,B1,,,,,canlı2
lively,adj.,B2,,,,,,canlı
living,"adj.,",n.,B1,,,,,yaşamak
load,"n.,",v.,B2,,,,,yük
loan,n.,B2,,,,,,borç
local,adj.,"A1,",n.,B1,,,,yerel
locate,v.,B1,,,,,,bulmak
located,adj.,B1,,,,,,bulundu
location,n.,B1,,,,,,konum
lock,"v.,",n.,A2,,,,,kilit
logical,adj.,B2,,,,,,mantıksal
lonely,adj.,B1,,,,,,yalnız
long1,"adj.,",adv.,A1,,,,,uzun1
long-term,"adj.,",adv.,B2,,,,,uzun vadeli
look,v.,"A1,",n.,A2,,,,Bakmak
loose,adj.,B2,,,,,,gevşetmek
lord,n.,B2,,,,,,lord
lorry,n.,A2,,,,,,kamyon
lose,v.,A1,,,,,,kaybetmek
loss,n.,B1,,,,,,kayıp
lost,adj.,A2,,,,,,kayıp
lot,"pron.,","det.,",adv.,A1,,,,pay
loud,"adj.,",adv.,A2,,,,,yüksek sesle
loudly,adv.,A2,,,,,,yüksek sesle
love,"n.,",v.,A1,,,,,Aşk
lovely,adj.,A2,,,,,,sevimli
low,"adj.,",adv.,"A2,",n.,B2,,,Düşük
lower,v.,B2,,,,,,daha düşük
luck,n.,A2,,,,,,şans
lucky,adj.,A2,,,,,,şanslı
lunch,n.,A1,,,,,,öğle yemeği
lung,n.,B2,,,,,,akciğer
luxury,n.,B1,,,,,,lüks
machine,n.,A1,,,,,,makine
mad,adj.,B1,,,,,,kızgın
magazine,n.,A1,,,,,,dergi
magic,"n.,",adj.,B1,,,,,büyü
mail,"n.,",v.,A2,,,,,posta
main,adj.,A1,,,,,,ana
mainly,adv.,B1,,,,,,daha çok
maintain,v.,B2,,,,,,sürdürmek
major,adj.,A2,,,,,,ana
majority,n.,B2,,,,,,çoğunluk
make,v.,"A1,",n.,B2,,,,yapmak
male,"adj.,",n.,A2,,,,,erkek
mall,n.,B1,,,,,,alışveriş merkezi
man,n.,A1,,,,,,Adam
manage,v.,A2,,,,,,üstesinden gelmek
management,n.,B1,,,,,,yönetmek
manager,n.,A2,,,,,,müdür
manner,n.,A2,,,,,,biçim
many,det./pron.,A1,,,,,,birçok
map,n.,"A1,",v.,B2,,,,harita
March,n.,A1,,,,,,Mart
mark,"v.,",n.,A2,,,,,işaret
market,n.,"A1,",v.,B1,,,,pazar
marketing,n.,B1,,,,,,pazarlama
marriage,n.,B1,,,,,,evlilik
married,adj.,A1,,,,,,evli
marry,v.,A2,,,,,,evlenmek
mass,"n.,",adj.,B2,,,,,yığın
massive,adj.,B2,,,,,,cüsseli
master,"n.,",v.,B2,,,,,usta
match,(contest/correspond),"n.,",,,,,,kibrit
v.,A1,,,,,,,v.
matching,adj.,B2,,,,,,eşleşen
material,n.,"A2,",adj.,B2,,,,malzeme
mathematics,n.,A2,,,,,,matematik
maths,n.,A2,,,,,,matematik
matter,"n.,",v.,A2,,,,,konu
maximum,"adj.,",n.,B2,,,,,maksimum
May,n.,A1,,,,,,Mayıs
may,modal,v.,A2,,,,,mayıs
maybe,adv.,A1,,,,,,Belki
me,pron.,A1,,,,,,Ben
meal,n.,A1,,,,,,yemek
mean,v.,A1,,,,,,Anlam
meaning,n.,A1,,,,,,Anlam
means,n.,B2,,,,,,araç
meanwhile,adv.,B1,,,,,,Bu sırada
measure,"v.,",n.,B1,,,,,ölçüm
measurement,n.,B2,,,,,,ölçüm
meat,n.,A1,,,,,,et
media,n.,A2,,,,,,medya
medical,adj.,A2,,,,,,tıbbi
medicine,n.,A2,,,,,,ilaç
medium,adj.,"B1,",n.,B2,,,,orta
meet,v.,A1,,,,,,tanışmak
meeting,n.,A1,,,,,,toplantı
melt,v.,B2,,,,,,eritmek
member,n.,A1,,,,,,üye
memory,n.,A2,,,,,,hafıza
mental,adj.,B1,,,,,,zihinsel
mention,v.,"A2,",n.,B1,,,,değinmek
menu,n.,A1,,,,,,menü
mess,"n.,",v.,B1,,,,,karışıklık
message,n.,A1,,,,,,mesaj
metal,n.,A2,,,,,,metal
method,n.,A2,,,,,,yöntem
metre,n.,A1,,,,,,metre
middle,"n.,",adj.,A2,,,,,orta
midnight,n.,A1,,,,,,gece yarısı
might,modal,v.,A2,,,,,belki
mild,adj.,B1,,,,,,hafif
mile,n.,A1,,,,,,mil
military,"adj.,",n.,B2,,,,,askeri
milk,n.,A1,,,,,,süt
,,,,,,,,#VALUE!
million,number,A1,,,,,,milyon
mind,"n.,",v.,A2,,,,,akıl
mine,(belongs,to,me),pron.,A2,,,bana ait
mine,(hole,in,the,ground),n.,B1,,bana ait
mineral,n.,B2,,,,,,mineral
minimum,"adj.,",n.,B2,,,,,minimum
minister,n.,B2,,,,,,bakan
minor,adj.,B2,,,,,,küçük
minority,n.,B2,,,,,,azınlık
minute1,n.,A1,,,,,,dakika 1
mirror,n.,A2,,,,,,ayna
miss,v.,A1,,,,,,kayıp
missing,adj.,A2,,,,,,eksik
mission,n.,B2,,,,,,misyon
mistake,n.,"A1,",v.,B2,,,,hata
mix,"v.,",n.,B1,,,,,karışım
mixed,adj.,B2,,,,,,karışık
mixture,n.,B1,,,,,,karışım
mobile,"adj.,",n.,A2,,,,,mobil
model,n.,"A1,",v.,B2,,,,model
modern,adj.,A1,,,,,,modern
modify,v.,B2,,,,,,değiştirmek
moment,n.,A1,,,,,,an
Monday,n.,A1,,,,,,Pazartesi
money,n.,A1,,,,,,para
monitor,"n.,",v.,B2,,,,,monitör
monkey,n.,A2,,,,,,maymun
month,n.,A1,,,,,,ay
mood,n.,B1,,,,,,mod
moon,n.,A2,,,,,,ay
moral,"adj.,",n.,B2,,,,,ahlaki
more,"det./pron.,",adv.,A1,,,,,Daha
morning,n.,A1,,,,,,Sabah
most,"det./pron.,",adv.,A1,,,,,en
mostly,adv.,A2,,,,,,çoğunlukla
mother,n.,A1,,,,,,anne
motor,"n.,",adj.,B2,,,,,motor
motorcycle,n.,A2,,,,,,motosiklet
mount,v.,B2,,,,,,dağ
mountain,n.,A1,,,,,,dağ
mouse,n.,A1,,,,,,fare
mouth,n.,A1,,,,,,ağız
move,v.,"A1,",n.,B1,,,,taşınmak
movement,n.,A2,,,,,,hareket
movie,n.,A1,,,,,,film
much,"det./pron.,",adv.,A1,,,,,fazla
mud,n.,B1,,,,,,çamur
multiple,adj.,B2,,,,,,çoklu
multiply,v.,B2,,,,,,çarpmak
mum,n.,A1,,,,,,anne
murder,"n.,",v.,B1,,,,,cinayet
muscle,n.,B1,,,,,,kas
museum,n.,A1,,,,,,müze
music,n.,A1,,,,,,müzik
musical,adj.,"A2,",n.,B1,,,,müzikal
musician,n.,A2,,,,,,müzisyen
must,modal,v.,A1,,,,,mutlak
my,det.,A1,,,,,,Benim
myself,pron.,A2,,,,,,kendim
mysterious,adj.,B2,,,,,,gizemli
mystery,n.,B1,,,,,,gizem
nail,n.,B1,,,,,,çivi
name,"n.,",v.,A1,,,,,isim
narrative,"n.,",adj.,B1,,,,,anlatı
narrow,adj.,"A2,",v.,B2,,,,dar
nation,n.,B1,,,,,,ulus
national,adj.,"A2,",n.,B2,,,,ulusal
native,"adj.,",n.,B1,,,,,yerli
natural,adj.,A1,,,,,,doğal
naturally,adv.,B1,,,,,,doğal olarak
nature,n.,A2,,,,,,doğa
near,"prep.,","adj.,",adv.,A1,,,,yakın
nearly,adv.,A2,,,,,,neredeyse
neat,adj.,B2,,,,,,düzenli
necessarily,adv.,B1,,,,,,zorunlu olarak
necessary,adj.,A2,,,,,,gerekli
neck,n.,A2,,,,,,boyun
need,v.,"A1,",n.,"A2,",modal,v.,B1,ihtiyaç
needle,n.,B1,,,,,,iğne
negative,adj.,"A1,",n.,B2,,,,negatif
neighbour,n.,A1,,,,,,komşu
neighbourhood,n.,B1,,,,,,komşu
neither,det./pron.,"A2,",adv.,B1,,,,hiç biri
nerve,n.,B2,,,,,,sinir
nervous,adj.,A2,,,,,,gergin
net,n.,B1,,,,,,açık
network,n.,A2,,,,,,ağ
never,adv.,A1,,,,,,Asla
nevertheless,adv.,B2,,,,,,yine de
new,adj.,A1,,,,,,yeni
news,n.,A1,,,,,,haberler
newspaper,n.,A1,,,,,,gazete
next,"adj.,",adv.,"A1,",n.,B1,,,Sonraki
next,to,prep.,A1,,,,,Sonraki
nice,adj.,A1,,,,,,Güzel
night,n.,A1,,,,,,gece
nightmare,n.,B2,,,,,,kabus
nine,number,A1,,,,,,dokuz
nineteen,number,A1,,,,,,on dokuz
ninety,number,A1,,,,,,doksan
no,"exclam.,",det.,A1,,,,,HAYIR
no,one,pron.,A1,,,,,HAYIR
nobody,pron.,A1,,,,,,hiç kimse
noise,n.,A2,,,,,,gürültü
noisy,adj.,A2,,,,,,gürültülü
none,pron.,A2,,,,,,hiçbiri
nor,conj./adv.,B1,,,,,,ne de
normal,adj.,"A2,",n.,B1,,,,normal
normally,adv.,A2,,,,,,normalde
north,"n.,","adj.,",adv.,A1,,,,kuzey
northern,adj.,B1,,,,,,kuzey
nose,n.,A1,,,,,,burun
not,adv.,A1,,,,,,Olumsuz
note,n.,"A1,",v.,B1,,,,Not
nothing,pron.,A1,,,,,,Hiçbir şey
notice,"v.,",n.,A2,,,,,fark etme
notion,n.,B2,,,,,,kavram
novel,n.,A2,,,,,,roman
November,n.,A1,,,,,,Kasım
now,adv.,"A1,",conj.,B1,,,,Şimdi
nowhere,adv.,A2,,,,,,hiçbir yerde
nuclear,adj.,B1,,,,,,nükleer
number,n.,"A1,",v.,A2,,,,sayı
numerous,adj.,B2,,,,,,çeşitli
nurse,n.,A1,,,,,,hemşire
nut,n.,A2,,,,,,ceviz
obey,v.,B2,,,,,,itaat etmek
object,n.,"A1,",v.,B2,,,,nesne
objective,"n.,",adj.,B2,,,,,hedef
obligation,n.,B2,,,,,,yükümlülük
observation,n.,B2,,,,,,gözlem
observe,v.,B2,,,,,,gözlemlemek
obtain,v.,B2,,,,,,elde etmek
obvious,adj.,B1,,,,,,bariz
obviously,adv.,B1,,,,,,açıkça
occasion,n.,B1,,,,,,vesile
occasionally,adv.,B2,,,,,,ara sıra
occur,v.,B1,,,,,,meydana gelmek
ocean,n.,A2,,,,,,okyanus
o’clock,adv.,A1,,,,,,saat
October,n.,A1,,,,,,Ekim
odd,adj.,B1,,,,,,garip
of,prep.,A1,,,,,,ile ilgili
off,"adv.,",prep.,A1,,,,,kapalı
offence,n.,B2,,,,,,suç
offend,v.,B2,,,,,,gücendirmek
offensive,adj.,B2,,,,,,saldırı
offer,"v.,",n.,A2,,,,,teklif
office,n.,A1,,,,,,ofis
officer,n.,A2,,,,,,memur
official,adj.,"B1,",n.,B2,,,,resmi
often,adv.,A1,,,,,,sıklıkla
oh,exclam.,A1,,,,,,ah
oil,n.,A2,,,,,,yağ
OK,"exclam.,",adj./adv.,A1,,,,,TAMAM
old,adj.,A1,,,,,,eskimiş
old-fashioned,adj.,B1,,,,,,eski moda
on,"prep.,",adv.,A1,,,,,Açık
once,adv.,"A1,",conj.,B1,,,,bir kere
one,"number/det.,",pron.,A1,,,,,bir
onion,n.,A1,,,,,,soğan
online,"adj.,",adv.,A1,,,,,çevrimiçi
only,"adj.,",adv.,A1,,,,,sadece
onto,prep.,A2,,,,,,üzerine
open,"adj.,",v.,A1,,,,,açık
opening,n.,B2,,,,,,açılış
operate,v.,B2,,,,,,işletmek
operation,n.,B1,,,,,,operasyon
opinion,n.,A1,,,,,,fikir
opponent,n.,B2,,,,,,rakip
opportunity,n.,A2,,,,,,fırsat
oppose,v.,B2,,,,,,karşı çıkmak
opposed,adj.,B2,,,,,,karşıt
opposite,"adj.,","adv.,","prep.,",n.,A1,,,zıt
opposition,n.,B2,,,,,,muhalefet
option,n.,A2,,,,,,seçenek
or,conj.,A1,,,,,,veya
orange,"n.,",adj.,A1,,,,,turuncu
order,"n.,",v.,A1,,,,,emir
ordinary,adj.,A2,,,,,,sıradan
organ,n.,B2,,,,,,organ
organization,n.,A2,,,,,,organizasyon
organize,v.,A2,,,,,,organize
organized,adj.,B1,,,,,,organize
organizer,n.,B1,,,,,,organizatör
origin,n.,B2,,,,,,köken
original,adj.,"A2,",n.B1,,,,,orijinal
originally,adv.,B1,,,,,,aslen
other,adj./pron.,A1,,,,,,diğer
otherwise,adv.,B2,,,,,,aksi takdirde
ought,modal,v.,B1,,,,,gerek
our,det.,A1,,,,,,bizim
ours,pron.,B1,,,,,,bizim
ourselves,pron.,A2,,,,,,kendimizi
out,adv./prep.,A1,,,,,,dışarı
outcome,n.,B2,,,,,,sonuç
outdoor,adj.,B1,,,,,,dış mekan
outdoors,adv.,B1,,,,,,dışarıda
outer,adj.,B2,,,,,,dış
outline,"n.,",v.,B2,,,,,taslak
outside,adv.,"A1,","prep.,","noun.,",adj.,,,dıştan
A2,,,,,,,,A2
oven,n.,A2,,,,,,fırın
over,"prep.,",adv.,A1,,,,,üzerinde
overall,"adj.,",adv.,B2,,,,,etraflı
owe,v.,B2,,,,,,sahip olmak
own,adj./pron.,"A1,",v.,A2,,,,sahip olmak
owner,n.,A2,,,,,,mal sahibi
pace,"n.,",v.,B2,,,,,adımlamak
pack,v.,"A2,",n.,B1,,,,ambalaj
package,n.,"B1,",v.,B2,,,,paket
page,n.,A1,,,,,,sayfa
pain,n.,A2,,,,,,ağrı
painful,adj.,B1,,,,,,acı verici
paint,"v.,",n.,A1,,,,,boyamak
painter,n.,A2,,,,,,ressam
painting,n.,A1,,,,,,tablo
pair,n.,A1,,,,,,çift
palace,n.,A2,,,,,,saray
pale,adj.,B1,,,,,,solgun
pan,n.,B1,,,,,,tava
panel,n.,B2,,,,,,panel
pants,n.,A2,,,,,,pantolon
paper,n.,A1,,,,,,kağıt
paragraph,n.,A1,,,,,,paragraf
parent,n.,A1,,,,,,ebeveyn
park,"n.,",v.,A1,,,,,park
parking,n.,A2,,,,,,otopark
parliament,n.,B2,,,,,,parlamento
part,n.,A1,,,,,,parça
participant,n.,B2,,,,,,katılımcı
participate,v.,B1,,,,,,katılmak
particular,adj.,A2,,,,,,özel
particularly,adv.,B1,,,,,,özellikle
partly,adv.,B2,,,,,,kısmen
partner,n.,A1,,,,,,ortak
party,n.,A1,,,,,,parti
pass,v.,"A2,",n.,B1,,,,geçmek
passage,n.,B2,,,,,,geçit
passenger,n.,A2,,,,,,yolcu
passion,n.,B1,,,,,,tutku
passport,n.,A1,,,,,,pasaport
past,"adj.,","n.,",prep.,"A1,",adv.,A2,,geçmiş
path,n.,B1,,,,,,yol
patient,n.,"A2,",adj.,B2,,,,hasta
pattern,n.,A2,,,,,,model
pay,v.,"A1,",n.,A2,,,,ödemek
payment,n.,B1,,,,,,ödeme
peace,n.,A2,,,,,,barış
peaceful,adj.,B1,,,,,,barışçıl
pen,n.,A1,,,,,,dolma kalem
pencil,n.,A1,,,,,,kalem
penny,n.,A2,,,,,,kuruş
pension1,n.,B2,,,,,,emeklilik1
people,n.,A1,,,,,,insanlar
pepper,n.,A1,,,,,,biber
per,prep.,A2,,,,,,başına
per,cent,"n.,",adj./adv.,A2,,,,başına
percentage,n.,B1,,,,,,yüzde
perfect,adj.,A1,,,,,,mükemmel
perfectly,adv.,B1,,,,,,mükemmel bir şekilde
perform,v.,A2,,,,,,rol yapmak
performance,n.,B1,,,,,,performans
perhaps,adv.,A2,,,,,,belki
period,n.,A1,,,,,,dönem
permanent,adj.,B2,,,,,,kalıcı
permission,n.,A2,,,,,,izin
permit,"v.,",n.,B2,,,,,izin vermek
person,n.,A1,,,,,,kişi
personal,adj.,A1,,,,,,kişisel
personality,n.,A2,,,,,,kişilik
personally,adv.,B1,,,,,,şahsen
perspective,n.,B2,,,,,,perspektif
persuade,v.,B1,,,,,,ikna etmek
pet,n.,A2,,,,,,evcil hayvan
petrol,n.,A2,,,,,,benzin
phase,n.,B2,,,,,,faz
phenomenon,n.,B2,,,,,,fenomen
philosophy,n.,B2,,,,,,felsefe
phone,"n.,",v.,A1,,,,,telefon
,,,,,,,,#VALUE!
photo,n.,A1,,,,,,fotoğraf
photograph,n.,"A1,",v.,A2,,,,fotoğraf
photographer,n.,B1,,,,,,fotoğrafçı
photography,n.,B1,,,,,,fotoğrafçılık
phrase,n.,A1,,,,,,ifade etmek
physical,adj.,A2,,,,,,fiziksel
physics,n.,A2,,,,,,fizik
piano,n.,A1,,,,,,piyano
pick,v.,"A2,",n.,B2,,,,seçmek
picture,n.,"A1,",v.,B2,,,,resim
piece,n.,A1,,,,,,parça
pig,n.,A1,,,,,,domuz
pile,"n.,",v.,B2,,,,,yığın
pilot,n.,A2,,,,,,pilot
pin,"n.,",v.,B1,,,,,iğne
pink,"adj.,",n.,A1,,,,,pembe
pipe,n.,B1,,,,,,boru
pitch,n.,B2,,,,,,saha
place,n.,"A1,",v.,B1,,,,yer
plain,adj.,B2,,,,,,ova
plan,"n.,",v.,A1,,,,,plan
plane,n.,A1,,,,,,uçak
planet,n.,A2,,,,,,gezegen
planning,n.,B1,,,,,,planlama
plant,n.,"A1,",v.,A2,,,,bitki
plastic,"n.,",adj.,A2,,,,,plastik
plate,n.,A2,,,,,,plaka
platform,n.,A2,,,,,,platform
play,"v.,",n.,A1,,,,,oynamak
player,n.,A1,,,,,,oyuncu
pleasant,adj.,B1,,,,,,güzel
please,exclam.,"A1,",v.,A2,,,,Lütfen
pleased,adj.,A2,,,,,,memnun
pleasure,n.,B1,,,,,,zevk
plenty,pron.,B1,,,,,,bolca
plot,n.,"B1,",v.,B2,,,,komplo
plus1,prep.,"B1,","adj.,","conj.,",n.,B2,,artı1
pocket,n.,A2,,,,,,cep
poem,n.,B1,,,,,,şiir
poet,n.,B1,,,,,,şair
poetry,n.,B1,,,,,,şiir
point,n.,"A1,",v.,B1,,,,nokta
pointed,adj.,B2,,,,,,işaret etti
poison,"n.,",v.,B1,,,,,zehir
poisonous,adj.,B1,,,,,,zehirli
police,n.,A1,,,,,,polis
policeman,n.,A1,,,,,,polis memuru
policy,n.,B1,,,,,,politika
polite,adj.,A2,,,,,,kibar
political,adj.,B1,,,,,,siyasi
politician,n.,B1,,,,,,siyasetçi
politics,n.,B1,,,,,,siyaset
pollution,n.,A2,,,,,,kirlilik
pool,n.,A1,,,,,,havuz
poor,adj.,A1,,,,,,fakir
pop,"n.,",adj.,A2,,,,,pop
popular,adj.,A1,,,,,,popüler
popularity,n.,B2,,,,,,popülerlik
population,n.,A2,,,,,,nüfus
port,n.,B1,,,,,,liman
portrait,n.,B1,,,,,,portre
pose,v.,B2,,,,,,poz
position,n.,"A2,",v.,B2,,,,konum
positive,adj.,"A1,",n.,B2,,,,pozitif
possess,v.,B2,,,,,,elinde bulundurmak
possession,n.,A2,,,,,,mülk
possibility,n.,A2,,,,,,olasılık
possible,adj.,A1,,,,,,olası
possibly,adv.,B1,,,,,,muhtemelen
post,"n.,",v.,A1,,,,,postalamak
poster,n.,A2,,,,,,poster
pot,n.,B1,,,,,,tencere
potato,n.,A1,,,,,,patates
potential,"adj.,",n.,B2,,,,,potansiyel
pound,n.,A1,,,,,,pound
pour,v.,B1,,,,,,dökmek
poverty,n.,B1,,,,,,yoksulluk
powder,n.,B1,,,,,,toz
power,n.,"A2,",v.,B2,,,,güç
powerful,adj.,B1,,,,,,güçlü
practical,adj.,B1,,,,,,pratik
practice,n.,A1,,,,,,pratik
practise,v.,A1,,,,,,pratik
praise,"n.,",v.,B2,,,,,övmek
pray,v.,B1,,,,,,dua etmek
prayer,n.,B1,,,,,,namaz
predict,v.,A2,,,,,,tahmin etmek
prediction,n.,B1,,,,,,tahmin
prefer,v.,A1,,,,,,tercih etmek
pregnant,adj.,B2,,,,,,hamile
preparation,n.,B2,,,,,,hazırlık
prepare,v.,A1,,,,,,hazırlanmak
prepared,adj.,B1,,,,,,tedarikli
presence,n.,B2,,,,,,mevcudiyet
present,"adj.,",n.,"A1,",v.,A2,,,Sunmak
presentation,n.,B1,,,,,,sunum
preserve,v.,B2,,,,,,korumak
president,n.,A2,,,,,,başkan
press,"v.,",n.,B1,,,,,basmak
pressure,n.,B1,,,,,,basınç
pretend,v.,B1,,,,,,numara yapmak
pretty,"adj.,",adv.,A1,,,,,tatlı
prevent,v.,A2,,,,,,önlemek
previous,adj.,B1,,,,,,öncesi
previously,adv.,B1,,,,,,önceden
price,n.,"A1,",v.,B2,,,,fiyat
priest,n.,B1,,,,,,rahip
primary,adj.,B1,,,,,,öncelik
prime,adj.,B2,,,,,,astar vurmak
prince,n.,B1,,,,,,prens
princess,n.,B1,,,,,,prenses
principle,n.,B2,,,,,,prensip
print,v.,"A2,",n.,B2,,,,yazdır
printer,n.,A2,,,,,,yazıcı
printing,n.,B1,,,,,,baskı
priority,n.,B2,,,,,,öncelik
prison,n.,A2,,,,,,hapishane
prisoner,n.,B1,,,,,,mahkum
privacy,n.,B2,,,,,,mahremiyet
private,adj.,B1,,,,,,özel
prize,n.,A2,,,,,,ödül
probably,adv.,A1,,,,,,muhtemelen
problem,n.,A1,,,,,,sorun
procedure,n.,B2,,,,,,prosedür
process,n.,"A2,",v.,B2,,,,işlem
produce,v.,"A2,",v.,B2,,,,üretmek
producer,n.,B1,,,,,,üretici
product,n.,A1,,,,,,ürün
production,n.,B1,,,,,,üretme
profession,n.,B1,,,,,,meslek
professional,adj.,"A2,",n.,B2,,,,profesyonel
professor,n.,A2,,,,,,profesör
profile,n.,A2,,,,,,profil
profit,n.,B1,,,,,,kâr
program,n.,"A2,",v.,B1,,,,program
programme,n.,A1,,,,,,program
progress,n.,"A2,",v.,B2,,,,ilerlemek
project,n.,"A1,",v.,B2,,,,proje
promise,"v.,",n.,A2,,,,,söz
promote,v.,B1,,,,,,terfi
pronounce,v.,A2,,,,,,telaffuz
proof,n.,B2,,,,,,kanıt
proper,adj.,B1,,,,,,düzgün
properly,adv.,B1,,,,,,düzgün bir şekilde
property,n.,B1,,,,,,mülk
proposal,n.,B2,,,,,,teklif
propose,v.,B2,,,,,,teklif etmek
prospect,n.,B2,,,,,,olasılık
protect,v.,A2,,,,,,korumak
protection,n.,B2,,,,,,koruma
protest,"n.,",v.,B1,,,,,protesto
proud,adj.,B1,,,,,,gurur duymak
prove,v.,B1,,,,,,kanıtlamak
provide,v.,A2,,,,,,sağlamak
psychologist,n.,B2,,,,,,psikolog
psychology,n.,B2,,,,,,psikoloji
pub,n.,A2,,,,,,pub
public,"adj.,",n.,A2,,,,,halk
publication,n.,B2,,,,,,yayın
publish,v.,A2,,,,,,yayınlamak
pull,v.,"A2,",n.,B1,,,,çekmek
punish,v.,B1,,,,,,cezalandırmak
punishment,n.,B1,,,,,,ceza
pupil,n.,B2,,,,,,öğrenci
purchase,"n.,",v.,B2,,,,,satın almak
pure,adj.,B2,,,,,,saf
purple,"adj.,",n.,A1,,,,,mor
purpose,n.,A2,,,,,,amaç
pursue,v.,B2,,,,,,izlemek
push,v.,"A2,",n.,B1,,,,itmek
put,v.,A1,,,,,,koymak
qualification,n.,B1,,,,,,vasıf
qualified,adj.,B1,,,,,,nitelikli
qualify,v.,B1,,,,,,nitelik
quality,n.,A2,,,,,,kalite
quantity,n.,A2,,,,,,miktar
quarter,n.,A1,,,,,,çeyrek
queen,n.,A2,,,,,,kraliçe
question,n.,"A1,",v.,A2,,,,soru
queue,"n.,",v.,B1,,,,,sıra
quick,adj.,A1,,,,,,hızlı
quickly,adv.,A1,,,,,,hızlıca
quiet,adj.,A1,,,,,,sessizlik
quietly,adv.,A2,,,,,,sessizce
quit,v.,B1,,,,,,çıkış yapmak
quite,adv.,A1,,,,,,epeyce
quotation,n.,B1,,,,,,alıntı yapmak
quote,"v.,",n.,B1,,,,,alıntı
race,(competition),"n.,",v.,A2,,,,ırk
race,(people),n.,B1,,,,,ırk
racing,n.,B1,,,,,,yarışma
radio,n.,A1,,,,,,radyo
railway,n.,A2,,,,,,demiryolu
rain,"n.,",v.,A1,,,,,yağmur
raise,v.,A2,,,,,,artırmak
range,n.,"B1,",v.,B2,,,,menzil
rank,"n.,",v.,B2,,,,,rütbe
rapid,adj.,B2,,,,,,ani
rapidly,adv.,B2,,,,,,hızlıca
rare,adj.,B1,,,,,,nadir
rarely,adv.,B1,,,,,,nadiren
rate,n.,"A2,",v.,B2,,,,oran
rather,adv.,A2,,,,,,yerine
raw,adj.,B2,,,,,,çiğ
reach,v.,"A2,",n.,B2,,,,ulaşmak
react,v.,A2,,,,,,tepki vermek
reaction,n.,B1,,,,,,tepki
read,v.,A1,,,,,,Okumak
reader,n.,A1,,,,,,okuyucu
reading,n.,A1,,,,,,okuma
ready,adj.,A1,,,,,,hazır
real,adj.,A1,,,,,,gerçek
realistic,adj.,B2,,,,,,gerçekçi
reality,n.,B1,,,,,,gerçeklik
realize,v.,A2,,,,,,fark etmek
really,adv.,A1,,,,,,Gerçekten
reason,n.,A1,,,,,,sebep
reasonable,adj.,B2,,,,,,mantıklı
recall,v.,B2,,,,,,hatırlamak
receipt,n.,B1,,,,,,fiş
receive,v.,A2,,,,,,almak
recent,adj.,A2,,,,,,son
recently,adv.,A2,,,,,,son zamanlarda
reception,n.,A2,,,,,,resepsiyon
recipe,n.,A2,,,,,,yemek tarifi
recognize,v.,A2,,,,,,tanımak
recommend,v.,A2,,,,,,tavsiye etmek
recommendation,n.,B1,,,,,,tavsiye
record,"n.,",v.,A2,,,,,kayıt
recording,n.,A2,,,,,,kayıt
recover,v.,B2,,,,,,iyileşmek
recycle,v.,A2,,,,,,geri dönüşüm
red,"adj.,",n.,A1,,,,,kırmızı
reduce,v.,A2,,,,,,azaltmak
reduction,n.,B2,,,,,,kesinti
refer,v.,A2,,,,,,bahsetmek
reference,n.,B1,,,,,,referans
reflect,v.,B1,,,,,,yansıtmak
refuse1,v.,A2,,,,,,reddet1
regard,"v.,",n.,B2,,,,,saygınlık
region,n.,A2,,,,,,bölge
regional,adj.,B2,,,,,,bölgesel
register,"v.,",n.,B2,,,,,kayıt olmak
regret,"v.,",n.,B2,,,,,pişmanlık
regular,adj.,A2,,,,,,düzenli
regularly,adv.,B1,,,,,,düzenli olarak
regulation,n.,B2,,,,,,düzenleme
reject,v.,B1,,,,,,reddetmek
relate,v.,B1,,,,,,ilgili olmak
related,adj.,B1,,,,,,ilgili
relation,n.,B1,,,,,,ilişki
relationship,n.,A2,,,,,,ilişki
relative,"adj.,",n.,B1,,,,,akraba
relatively,adv.,B2,,,,,,nispeten
relax,v.,A1,,,,,,rahatlamak
relaxed,adj.,B1,,,,,,rahat
relaxing,adj.,B1,,,,,,rahatlatıcı
release,"v.,",n.,B1,,,,,serbest bırakmak
relevant,adj.,B2,,,,,,ilgili
reliable,adj.,B1,,,,,,güvenilir
relief,n.,B2,,,,,,rahatlama
religion,n.,B1,,,,,,din
religious,adj.,B1,,,,,,din
rely,v.,B2,,,,,,güvenmek
remain,v.,B1,,,,,,geriye kalmak
remark,"n.,",v.,B2,,,,,not
remember,v.,A1,,,,,,Unutma
remind,v.,B1,,,,,,hatırlatmak
remote,adj.,B1,,,,,,uzak
remove,v.,A2,,,,,,kaldırmak
rent,"n.,",v.,B1,,,,,kira
repair,v.,"A2,",n.,B1,,,,tamirat
repeat,v.,"A1,",n.,B1,,,,tekrarlamak
repeated,adj.,B1,,,,,,tekrarlandı
replace,v.,A2,,,,,,yer değiştirmek
reply,"v.,",n.,A2,,,,,cevap vermek
report,n.,"A1,",v.,A2,,,,rapor
reporter,n.,A2,,,,,,muhabir
represent,v.,B1,,,,,,temsil etmek
representative,"n.,",adj.,B2,,,,,temsilci
,,,,,,,,#VALUE!
reputation,n.,B2,,,,,,itibar
request,n.,"A2,",v.,B1,,,,rica etmek
require,v.,B1,,,,,,gerekmek
requirement,n.,B2,,,,,,gereklilik
rescue,"v.,",n.,B2,,,,,kurtarmak
research,"n.,",v.,A2,,,,,araştırma
researcher,n.,A2,,,,,,araştırmacı
reservation,n.,B1,,,,,,rezervasyon
reserve,"n.,",v.,B2,,,,,rezerv
resident,"n.,",adj.,B2,,,,,ikamet eden kişi
resist,v.,B2,,,,,,direnmek
resolve,v.,B2,,,,,,çözmek
resort,n.,B2,,,,,,tatil yeri
resource,n.,B1,,,,,,kaynak
respect,"n.,",v.,B1,,,,,Saygı
respond,v.,A2,,,,,,yanıtlamak
response,n.,A2,,,,,,cevap
responsibility,n.,B1,,,,,,sorumluluk
responsible,adj.,B1,,,,,,sorumlu
rest,(remaining,part),n.,A2,,,,dinlenmek
rest,(sleep/relax),"n.,",v.,A2,,,,dinlenmek
restaurant,n.,A1,,,,,,restoran
result,n.,"A1,",v.,B1,,,,sonuç
retain,v.,B2,,,,,,sürdürmek
retire,v.,B1,,,,,,emekli olmak
retired,adj.,B1,,,,,,emekli
return,"v.,",n.,A1,,,,,geri dönmek
reveal,v.,B2,,,,,,ortaya çıkarmak
review,"n.,",v.,A2,,,,,gözden geçirmek
revise,v.,B1,,,,,,tekrar düzeltme yapmak
revolution,n.,B2,,,,,,devrim
reward,"n.,",v.,B2,,,,,ödül
rhythm,n.,B2,,,,,,ritim
rice,n.,A1,,,,,,pirinç
rich,adj.,A1,,,,,,zengin
rid,v.,B2,,,,,,kurtul
ride,v.,"A1,",n.,A2,,,,sürmek
right,"adj.,","adv.,",n.,A1,,,,Sağ
ring1,n.,A2,,,,,,halka1
ring2,v.,"A2,",n.,B1,,,,halka2
rise,v.,"A2,",n.,B1,,,,yükselmek
risk,"n.,",v.,B1,,,,,risk
river,n.,A1,,,,,,nehir
road,n.,A1,,,,,,yol
robot,n.,B1,,,,,,robot
rock,(stone),n.,A2,,,,,kaynak
rock,(music),n.,A2,,,,,kaynak
role,n.,A2,,,,,,rol
roll,"v.,",n.,B1,,,,,rulo
romantic,adj.,B1,,,,,,romantik
roof,n.,A2,,,,,,çatı
room,n.,A1,,,,,,oda
root,n.,B2,,,,,,kök
rope,n.,B1,,,,,,halat
rough,adj.,B1,,,,,,kaba 
round,"adj.,","adv.,",prep.,"A2,",n.,B2,,yuvarlak
route,n.,A2,,,,,,rota
routine,n.,"A1,",adj.,B2,,,,rutin
row1,n.,B1,,,,,,sıra1
royal,adj.,B1,,,,,,asil
rub,v.,B2,,,,,,ovmak
rubber,"n.,",adj.,B2,,,,,lastik
rubbish,n.,A2,,,,,,zırva
rude,adj.,A2,,,,,,kaba
rugby,n.,B1,,,,,,rugby
rule,n.,"A1,",v.,B1,,,,kural
run,v.,"A1,",n.,A2,,,,koşmak
runner,n.,A2,,,,,,koşucu
running,n.,A2,,,,,,koşma
rural,adj.,B2,,,,,,kırsal
rush,"v.,",n.,B2,,,,,acele etmek
sad,adj.,A1,,,,,,üzgün
sadly,adv.,A2,,,,,,maalesef
safe,adj.,A2,,,,,,güvenli
safety,n.,B1,,,,,,emniyet
sail,v.,"A2,",n.,B1,,,,denize açılmak
sailing,n.,A2,,,,,,yelken
sailor,n.,B1,,,,,,denizci
salad,n.,A1,,,,,,salata
salary,n.,A2,,,,,,maaş
sale,n.,A2,,,,,,satış
salt,n.,A1,,,,,,tuz
same,"adj.,","pron.,",adv.,A1,,,,Aynı
sample,n.,"B1,",v.,B2,,,,örnek
sand,n.,B1,,,,,,kum
sandwich,n.,A1,,,,,,sandviç
satellite,n.,B2,,,,,,uydu
satisfied,adj.,B2,,,,,,memnun
satisfy,v.,B2,,,,,,tatmin etmek
Saturday,n.,A1,,,,,,Cumartesi
sauce,n.,A2,,,,,,sos
save,v.,A2,,,,,,kaydetmek
saving,n.,B2,,,,,,tasarruf
say,v.,A1,,,,,,söylemek
scale,n.,B2,,,,,,ölçek
scan,v.,B1,,,,,,tarama
scared,adj.,A2,,,,,,korkmuş
scary,adj.,A2,,,,,,korkutucu
scene,n.,A2,,,,,,sahne
schedule,n.,"A2,",v.,B2,,,,takvim
scheme,n.,B2,,,,,,plan
school,n.,A1,,,,,,okul
science,n.,A1,,,,,,bilim
scientific,adj.,B1,,,,,,ilmi
scientist,n.,A1,,,,,,bilim adamı
score,"v.,",n.,A2,,,,,Gol
scream,"v.,",n.,B2,,,,,bağırmak
screen,n.,"A2,",v.,B2,,,,ekran
script,n.,B1,,,,,,senaryo
sculpture,n.,B1,,,,,,heykel
sea,n.,A1,,,,,,deniz
search,"n.,",v.,A2,,,,,aramak
season,n.,A2,,,,,,mevsim
seat,n.,"A2,",v.,B2,,,,koltuk
second1,(next,after,the,first),det./,,,ikinci1
number,"A1,",adv.,A2,,,,,sayı
second1,(unit,of,time),n.,A1,,,ikinci1
secondary,adj.,B1,,,,,,ikincil
secondly,adv.,A2,,,,,,ikincisi
secret,"adj.,",n.,A2,,,,,gizli
secretary,n.,A2,,,,,,sekreter
section,n.,A1,,,,,,bölüm
sector,n.,B2,,,,,,sektör
secure,"v.,",adj.,B2,,,,,güvenli
security,n.,B1,,,,,,güvenlik
see,v.,A1,,,,,,Görmek
seed,n.,B1,,,,,,tohum
seek,v.,B2,,,,,,aramak
seem,v.,A2,,,,,,gözükmek
select,v.,B2,,,,,,seçme
selection,n.,B2,,,,,,seçim
self,n.,B2,,,,,,kendi
sell,v.,A1,,,,,,satmak
send,v.,A1,,,,,,Göndermek
senior,adj.,B2,,,,,,kıdemli
sense,n.,"A2,",v.,B2,,,,algı
sensible,adj.,B1,,,,,,mantıklı
sensitive,adj.,B2,,,,,,hassas
sentence,n.,"A1,",v.,B2,,,,cümle
separate,adj.,"A2,",v.,B1,,,,ayırmak
September,n.,A1,,,,,,Eylül
sequence,n.,B2,,,,,,sekans
series,n.,A2,,,,,,seri
serious,adj.,A2,,,,,,cidden
seriously,adv.,B1,,,,,,Cidden
servant,n.,B1,,,,,,hizmetkar
serve,v.,A2,,,,,,sert
service,n.,A2,,,,,,hizmet
session,n.,B2,,,,,,oturum
set,(put),v.,B1,,,,,ayarlamak
set,(group),n.,B1,,,,,ayarlamak
setting,n.,B1,,,,,,ayar
settle,v.,B2,,,,,,yerleşmek
seven,number,A1,,,,,,Yedi
seventeen,number,A1,,,,,,on yedi
seventy,number,A1,,,,,,yetmiş
several,det./pron.,A2,,,,,,birçok
severe,adj.,B2,,,,,,haşin
sex,n.,B1,,,,,,seks
sexual,adj.,B1,,,,,,cinsel
shade,n.,B2,,,,,,gölge
shadow,n.,B2,,,,,,gölge
shake,v.,"A2,",n.,B1,,,,sallamak
shall,modal,v.,A2,,,,,olacak
shallow,adj.,B2,,,,,,sığ
shame,n.,B2,,,,,,utanç
shape,n.,"A2,",v.,B2,,,,şekil
share,v.,"A1,",n.,B1,,,,paylaşmak
sharp,adj.,B1,,,,,,keskin
she,pron.,A1,,,,,,o
sheep,n.,A1,,,,,,koyun
sheet,n.,A2,,,,,,çarşaf
shelf,n.,B1,,,,,,raf
shell,n.,B1,,,,,,kabuk
shelter,"n.,",v.,B2,,,,,barınak
shift,n.,"B1,",v.,B2,,,,vardiya
shine,v.,B1,,,,,,parlamak
shiny,adj.,B1,,,,,,parlak
ship,n.,"A2,",v.,B2,,,,gemi
shirt,n.,A1,,,,,,gömlek
shock,"n.,",v.,B2,,,,,şok
shocked,adj.,B2,,,,,,şok oldum
shoe,n.,A1,,,,,,ayakkabı
shoot,v.,B1,,,,,,film çekmek
shooting,n.,B2,,,,,,çekim
shop,"n.,",v.,A1,,,,,mağaza
shopping,n.,A1,,,,,,alışveriş
short,adj.,A1,,,,,,kısa
shot,n.,B2,,,,,,atış
should,modal,v.,A1,,,,,olmalı
shoulder,n.,A2,,,,,,omuz
shout,"v.,",n.,A2,,,,,bağırmak
show,"v.,",n.,A1,,,,,göstermek
shower,n.,A1,,,,,,duş
shut,"v.,",adj.,A2,,,,,kapat
shy,adj.,B1,,,,,,utangaç
sick,adj.,A1,,,,,,hasta
side,n.,A2,,,,,,taraf
sight,n.,B1,,,,,,görünüş
sign,"n.,",v.,A2,,,,,imza
signal,"n.,",v.,B1,,,,,sinyal
significant,adj.,B2,,,,,,önemli
significantly,adv.,B2,,,,,,önemli ölçüde
silence,n.,B2,,,,,,sessizlik
silent,adj.,B1,,,,,,sessiz
silk,n.,B2,,,,,,ipek
silly,adj.,B1,,,,,,şapşal
silver,"n.,",adj.,A2,,,,,gümüş
similar,adj.,A1,,,,,,benzer
similarity,n.,B1,,,,,,benzerlik
similarly,adv.,B1,,,,,,benzer şekilde
simple,adj.,A2,,,,,,basit
simply,adv.,B1,,,,,,basitçe
since,"prep.,",conj.,"A2,",adv.,B1,,,o zamandan beri
sincere,adj.,B2,,,,,,içten
sing,v.,A1,,,,,,şarkı söylemek
singer,n.,A1,,,,,,şarkıcı
singing,n.,A2,,,,,,şarkı söylemek
single,"adj.,",n.,A2,,,,,Bekar
sink,v.,B1,,,,,,atmak
sir,n.,A2,,,,,,Sayın
sister,n.,A1,,,,,,kız kardeş
sit,v.,A1,,,,,,oturmak
site,n.,A2,,,,,,alan
situation,n.,A1,,,,,,durum
six,number,A1,,,,,,altı
sixteen,number,A1,,,,,,on altı
sixty,number,A1,,,,,,altmış
size,n.,A2,,,,,,boyut
ski,"v.,",n.,A2,,,,,kayak
skiing,n.,A2,,,,,,kayak yapma
skill,n.,A1,,,,,,yetenek
skin,n.,A2,,,,,,deri
skirt,n.,A1,,,,,,etek
sky,n.,A2,,,,,,gökyüzü
slave,n.,B2,,,,,,köle
sleep,v.,"A1,",n.,A2,,,,uyumak
slice,"n.,",v.,B1,,,,,dilim
slide,"v.,",n.,B2,,,,,slayt
slight,adj.,B2,,,,,,hafif
slightly,adv.,B1,,,,,,biraz
slip,v.,B2,,,,,,kayma
slope,"n.,",v.,B2,,,,,eğim
slow,adj.,"A1,",v.,B1,,,,yavaş
slowly,adv.,A2,,,,,,yavaşça
small,adj.,A1,,,,,,küçük
smart,adj.,B1,,,,,,akıllı
smartphone,n.,A2,,,,,,akıllı telefon
smell,"v.,",n.,A2,,,,,koku
smile,"v.,",n.,A2,,,,,gülümsemek
smoke,"n.,",v.,A2,,,,,duman
smoking,n.,A2,,,,,,sigara içmek
smooth,adj.,B1,,,,,,düz
snake,n.,A1,,,,,,yılan
snow,"n.,",v.,A1,,,,,kar
so,"adv.,",conj.,A1,,,,,Bu yüzden
soap,n.,A2,,,,,,sabun
soccer,n.,A2,,,,,,futbol
social,adj.,A2,,,,,,sosyal
society,n.,A2,,,,,,toplum
sock,n.,A2,,,,,,çorap
soft,adj.,A2,,,,,,yumuşak
software,n.,B1,,,,,,yazılım
soil,n.,B1,,,,,,toprak
solar,adj.,B2,,,,,,güneş
soldier,n.,A2,,,,,,asker
solid,"adj.,",n.,B1,,,,,sağlam
solution,n.,A2,,,,,,çözüm
solve,v.,A2,,,,,,çözmek
some,"det.,",pron.,A1,,,,,bazı
somebody,pron.,A1,,,,,,birisi
someone,pron.,A1,,,,,,birisi
something,pron.,A1,,,,,,bir şey
sometimes,adv.,A1,,,,,,Bazen
somewhat,adv.,B2,,,,,,biraz
somewhere,"adv.,",pron.,A2,,,,,bir yerlerde
son,n.,A1,,,,,,oğul
song,n.,A1,,,,,,şarkı
soon,adv.,A1,,,,,,yakında
sorry,"adj.,",exclam.,A1,,,,,Üzgünüm
,,,,,,,,#VALUE!
sort,n.,"A2,",v.,B1,,,,düzenlemek
soul,n.,B2,,,,,,ruh
sound,"n.,",v.,A1,,,,,ses
soup,n.,A1,,,,,,çorba
source,n.,A2,,,,,,kaynak
south,"n.,","adj.,",adv.,A1,,,,güney
southern,adj.,B1,,,,,,güney
space,n.,A1,,,,,,uzay
speak,v.,A1,,,,,,konuşmak
speaker,n.,A2,,,,,,konuşmacı
special,adj.,A1,,,,,,özel
specialist,"n.,",adj.,B2,,,,,uzman
species,n.,B2,,,,,,türler
specific,adj.,A2,,,,,,özel
specifically,adv.,B1,,,,,,özellikle
speech,n.,A2,,,,,,konuşma
speed,n.,"A2,",v.,B2,,,,hız
spell,v.,A1,,,,,,hecelemek
spelling,n.,A1,,,,,,yazım
spend,v.,A1,,,,,,harcamak
spending,n.,B1,,,,,,harcama
spicy,adj.,B1,,,,,,baharatlı
spider,n.,A2,,,,,,örümcek
spirit,n.,B1,,,,,,ruh
spiritual,adj.,B2,,,,,,manevi
split,"v.,",n.,B2,,,,,bölmek
spoken,adj.,B1,,,,,,konuşulan
sponsor,"v.,",n.,B2,,,,,sponsor
spoon,n.,A2,,,,,,kaşık
sport,n.,A1,,,,,,spor
spot,n.,"B1,",v.,B2,,,,leke
spread,v.,"B1,",n.,B2,,,,yaymak
spring,n.,"A1,",v.,B1,,,,bahar
square,"adj.,",n.,A2,,,,,kare
stable,adj.,B2,,,,,,stabil
stadium,n.,B1,,,,,,stadyum
staff,n.,B1,,,,,,kadro
stage,n.,"A2,",v.,B2,,,,sahne
stair,n.,A2,,,,,,merdiven
stamp,n.,A2,,,,,,damga vurmak
stand,v.,"A1,",n.,B2,,,,durmak
standard,"n.,",adj.,B1,,,,,standart
star,n.,"A1,",v.,A2,,,,yıldız
stare,v.,B2,,,,,,bakış
start,v.,"A1,",n.,A2,,,,başlangıç
state,n.,"A2,","adj.,",v.,B1,,,durum
statement,n.,A1,,,,,,ifade
station,n.,A1,,,,,,istasyon
statistic,n.,B1,,,,,,istatistik
statue,n.,B1,,,,,,heykel
status,n.,B2,,,,,,durum
stay,v.,"A1,",n.,A2,,,,kalmak
steady,adj.,B2,,,,,,sabit durmak
steal,v.,A2,,,,,,hırsızlık yapmak
steel,n.,B2,,,,,,çelik
steep,adj.,B2,,,,,,dik
step,n.,"A2,",v.,B2,,,,adım
stick,(push,into/attach),v.,B1,,,,sopa
stick,(piece,of,wood),n.,B1,,,sopa
sticky,adj.,B2,,,,,,yapışkan
stiff,adj.,B2,,,,,,sert
still,adv.,"A1,",adj.,B1,,,,Hala
stock,n.,B2,,,,,,stoklamak
stomach,n.,A2,,,,,,karın
stone,n.,A2,,,,,,taş
stop,"v.,",n.,A1,,,,,durmak
store,n.,"A2,",v.,B1,,,,mağaza
storm,n.,A2,,,,,,fırtına
story,n.,A1,,,,,,hikaye
straight,"adv.,",adj.,A2,,,,,dümdüz
strange,adj.,A2,,,,,,garip
stranger,n.,B1,,,,,,yabancı
strategy,n.,A2,,,,,,strateji
stream,n.,B2,,,,,,aktarım
street,n.,A1,,,,,,sokak
strength,n.,B1,,,,,,kuvvet
stress,"n.,",v.,A2,,,,,stres
stretch,"v.,",n.,B2,,,,,uzatmak
strict,adj.,B2,,,,,,sıkı
strike,"v.,",n.,B2,,,,,çarpmak
string,n.,B1,,,,,,sicim
strong,adj.,A1,,,,,,güçlü
strongly,adv.,B1,,,,,,güçlü bir şekilde
structure,n.,"A2,",v.,B2,,,,yapı
struggle,"v.,",n.,B2,,,,,çabalamak
student,n.,A1,,,,,,öğrenci
studio,n.,B1,,,,,,stüdyo
study,"n.,",v.,A1,,,,,çalışmak
stuff,n.,"B1,",v.,B2,,,,şey
stupid,adj.,A2,,,,,,aptal
style,n.,A1,,,,,,stil
subject,n.,"A1,",adj.,B2,,,,ders
submit,v.,B2,,,,,,göndermek
substance,n.,B1,,,,,,madde
succeed,v.,A2,,,,,,başarmak
success,n.,A1,,,,,,başarı
successful,adj.,A2,,,,,,başarılı
successfully,adv.,B1,,,,,,başarılı bir şekilde
such,det./pron.,A2,,,,,,çok
sudden,adj.,B1,,,,,,birden
suddenly,adv.,A2,,,,,,Birden
suffer,v.,B1,,,,,,acı çekmek
sugar,n.,A1,,,,,,şeker
suggest,v.,A2,,,,,,tavsiye etmek
suggestion,n.,A2,,,,,,telkin
suit,n.,"A2,",v.,B1,,,,uygun olmak
suitable,adj.,B1,,,,,,uygun
sum,"n.,",v.,B2,,,,,toplam
summarize,v.,B1,,,,,,özetlemek
summary,n.,B1,,,,,,özet
summer,n.,A1,,,,,,yaz
sun,n.,A1,,,,,,güneş
Sunday,n.,A1,,,,,,Pazar
supermarket,n.,A1,,,,,,süpermarket
supply,"n.,",v.,B1,,,,,tedarik
support,"v.,",n.,A2,,,,,Destek
supporter,n.,B1,,,,,,destekçi
suppose,v.,A2,,,,,,sanmak
sure,adj.,"A1,",adv.,A2,,,,Elbette
surely,adv.,B1,,,,,,elbette
surface,n.,B1,,,,,,yüzey
surgery,n.,B2,,,,,,ameliyat
surprise,"n.,",v.,A2,,,,,sürpriz
surprised,adj.,A2,,,,,,şaşırmış
surprising,adj.,A2,,,,,,şaşırtıcı
surround,v.,B2,,,,,,çevrelemek
surrounding,adj.,B2,,,,,,çevreleyen
survey,n.,"A2,",v.,B2,,,,anket
survive,v.,B1,,,,,,hayatta kalmak
suspect,"v.,",n.,B2,,,,,şüphelenmek
swear,v.,B2,,,,,,küfür
sweater,n.,A1,,,,,,kazak
sweep,v.,B2,,,,,,süpürmek
sweet,"adj.,",n.,A2,,,,,tatlı
swim,v.,"A1,",n.,B1,,,,yüzmek
swimming,n.,A1,,,,,,yüzme
switch,v.,"B1,",n.,B2,,,,anahtar
symbol,n.,A2,,,,,,sembol
sympathy,n.,B2,,,,,,sempati
symptom,n.,B1,,,,,,belirti
system,n.,A2,,,,,,sistem
table,n.,A1,,,,,,masa
tablet,n.,A2,,,,,,tablet
tail,n.,B1,,,,,,kuyruk
take,v.,A1,,,,,,almak
tale,n.,B2,,,,,,masal
talent,n.,B1,,,,,,yetenek
talented,adj.,B1,,,,,,yetenekli
talk,v.,"A1,",n.,A2,,,,konuşmak
tall,adj.,A1,,,,,,uzun
tank,n.,B2,,,,,,tank
tape,n.,B1,,,,,,kaset
target,n.,"A2,",v.,B2,,,,hedef
task,n.,A2,,,,,,görev
taste,"n.,",v.,A2,,,,,tatmak
tax,"n.,",v.,B1,,,,,vergi
taxi,n.,A1,,,,,,taksi
tea,n.,A1,,,,,,çay
teach,v.,A1,,,,,,öğretmek
teacher,n.,A1,,,,,,Öğretmen
teaching,n.,A2,,,,,,öğretim
team,n.,A1,,,,,,takım
tear1,"v.,",n.,B2,,,,,yırtık1
tear2,n.,B2,,,,,,gözyaşı2
technical,adj.,B1,,,,,,teknik
technique,n.,B1,,,,,,teknik
technology,n.,A2,,,,,,teknoloji
teenage,adj.,A2,,,,,,genç
teenager,n.,A1,,,,,,genç
telephone,"n.,",v.,A1,,,,,telefon
television,n.,A1,,,,,,televizyon
tell,v.,A1,,,,,,söylemek
temperature,n.,A2,,,,,,sıcaklık
temporary,adj.,B2,,,,,,geçici
ten,number,A1,,,,,,on
tend,v.,B1,,,,,,eğilimli olma
tennis,n.,A1,,,,,,tenis
tent,n.,B1,,,,,,çadır
term,n.,"A2,",v.,B2,,,,terim
terrible,adj.,A1,,,,,,korkunç
test,"n.,",v.,A1,,,,,test
text,n.,"A1,",v.,A2,,,,metin
than,conj.,A1,,,,,,hariç
thank,v.,A1,,,,,,teşekkür etmek
thanks,"exclam.,",n.,A1,,,,,teşekkürler
that,"det.,","pron.,",conj.,"A1,",adv.,B1,,O
the,definite,article,A1,,,,,o
theatre,n.,A1,,,,,,tiyatro
their,det.,A1,,,,,,onların
theirs,pron.,B1,,,,,,onların
them,pron.,A1,,,,,,onlara
theme,n.,B1,,,,,,tema
themselves,pron.,A2,,,,,,kendileri
then,adv.,A1,,,,,,Daha sonra
theory,n.,B1,,,,,,teori
therapy,n.,B2,,,,,,terapi
there,adv.,A1,,,,,,Orası
therefore,adv.,B1,,,,,,Öyleyse
they,pron.,A1,,,,,,Onlar
thick,adj.,A2,,,,,,kalın
thief,n.,A2,,,,,,hırsız
thin,adj.,A2,,,,,,ince
thing,n.,A1,,,,,,şey
think,v.,A1,,,,,,düşünmek
thinking,n.,A2,,,,,,düşünme
third,number,"A1,",n.,A2,,,,üçüncü
thirsty,adj.,A1,,,,,,susuz
thirteen,number,A1,,,,,,on üç
thirty,number,A1,,,,,,otuz
this,det./pron.,"A1,",adv.,B1,,,,Bu
though,"conj.,",adv.,B1,,,,,Yine de
thought,n.,A2,,,,,,düşünce
thousand,number,A1,,,,,,bin
threat,n.,B2,,,,,,tehdit
threaten,v.,B2,,,,,,tehdit etmek
three,number,A1,,,,,,üç
throat,n.,B1,,,,,,boğaz
through,"prep.,",adv.,A1,,,,,başından sonuna kadar
throughout,prep./adv.,B1,,,,,,boyunca
throw,v.,A2,,,,,,fırlatmak
Thursday,n.,A1,,,,,,Perşembe
thus,adv.,B2,,,,,,Böylece
ticket,n.,A1,,,,,,bilet
tidy,"adj.,",v.,A2,,,,,düzenli
tie,"v.,",n.,A2,,,,,bağlamak
tight,adj.,B1,,,,,,sıkı
till,conj./prep.,B1,,,,,,kadar
time,n.,"A1,",v.,B2,,,,zaman
tin,n.,B1,,,,,,kalay
tiny,adj.,B1,,,,,,minik
tip,n.,"A2,",v.,B1,,,,uç
tired,adj.,A1,,,,,,yorgun
title,n.,"A1,",v.,B2,,,,başlık
to,"prep.,",infinitive,marker,A1,,,,ile
today,"adv.,",n.,A1,,,,,Bugün
toe,n.,B1,,,,,,ayak parmağı
together,adv.,A1,,,,,,birlikte
toilet,n.,A1,,,,,,tuvalet
tomato,n.,A1,,,,,,domates
tomorrow,"adv.,",n.,A1,,,,,Yarın
tone,n.,B2,,,,,,ton
tongue,n.,B1,,,,,,dil
tonight,"adv.,",n.,A1,,,,,bu akşam
too,adv.,A1,,,,,,fazla
tool,n.,A2,,,,,,alet
tooth,n.,A1,,,,,,diş
top,"n.,",adj.,A2,,,,,tepe
topic,n.,A1,,,,,,başlık
total,"adj.,",n.,B1,,,,,toplam
totally,adv.,B1,,,,,,tamamen
touch,v.,"A2,",n.,B1,,,,dokunmak
tough,adj.,B2,,,,,,zorlu
tour,n.,"A2,",v.,B1,,,,tur
tourism,n.,A2,,,,,,turizm
tourist,n.,A1,,,,,,turist
towards,prep.,A2,,,,,,karşı
towel,n.,A2,,,,,,havlu
tower,n.,A2,,,,,,kule
town,n.,A1,,,,,,şehir
toy,"n.,",adj.,A2,,,,,oyuncak
track,n.,"A2,",v.,B2,,,,izlemek
trade,"n.,",v.,B1,,,,,ticaret
tradition,n.,A2,,,,,,gelenek
traditional,adj.,A2,,,,,,geleneksel
traffic,n.,A1,,,,,,trafik
train,n.,"A1,",v.,A2,,,,tren
trainer,n.,A2,,,,,,eğitmen
training,n.,A2,,,,,,eğitim
transfer,"v.,",n.,B2,,,,,transfer
transform,v.,B2,,,,,,dönüştürmek
transition,n.,B2,,,,,,geçiş
translate,v.,B1,,,,,,çevir
translation,n.,B1,,,,,,çeviri
transport,n.,"A2,",v.,B1,,,,ulaşım
travel,"v.,",n.,A1,,,,,seyahat
traveller,n.,A2,,,,,,gezgin
treat,v.,B1,,,,,,davranmak
treatment,n.,B1,,,,,,tedavi
tree,n.,A1,,,,,,ağaç
trend,n.,B1,,,,,,trend
,,,,,,,,#VALUE!
trial,n.,B2,,,,,,duruşma
trick,"n.,",v.,B1,,,,,kandırmak
trip,n.,"A1,",v.,B2,,,,seyahat
tropical,adj.,B2,,,,,,tropikal
trouble,n.,"A2,",v.,B2,,,,bela
trousers,n.,A1,,,,,,pantolonlar
truck,n.,A2,,,,,,kamyon
TRUE,adj.,A1,,,,,,DOĞRU
truly,adv.,B2,,,,,,tamamen
trust,"n.,",v.,B2,,,,,güven
truth,n.,B1,,,,,,gerçek
try,v.,"A1,",n.,B2,,,,denemek
T-shirt,n.,A1,,,,,,Tişört
tube,n.,B1,,,,,,tüp
Tuesday,n.,A1,,,,,,Salı
tune,n.,B2,,,,,,melodi
tunnel,n.,B2,,,,,,tünel
turn,"v.,",n.,A1,,,,,dönüş
TV,n.,A1,,,,,,TV
twelve,number,A1,,,,,,on iki
twenty,number,A1,,,,,,yirmi
twice,adv.,A1,,,,,,iki kere
twin,"n.,",adj.,A2,,,,,ikiz
two,number,A1,,,,,,iki
type,n.,"A1,",v.,B1,,,,tip
typical,adj.,A2,,,,,,tipik
typically,adv.,B1,,,,,,tipik olarak
tyre,n.,B1,,,,,,yorulmak
ugly,adj.,B1,,,,,,çirkin
ultimately,adv.,B2,,,,,,nihayetinde
umbrella,n.,A1,,,,,,şemsiye
unable,adj.,B1,,,,,,aciz
uncle,n.,A1,,,,,,amca
uncomfortable,adj.,B1,,,,,,rahatsız
unconscious,adj.,B2,,,,,,bilinçsiz
under,"prep.,",adv.,A1,,,,,altında
underground,"adj.,",adv.,A2,,,,,yeraltı
understand,v.,A1,,,,,,anlamak
understanding,n.,A2,,,,,,anlama
underwear,n.,B1,,,,,,iç çamaşırı
unemployed,adj.,B1,,,,,,işsiz
unemployment,n.,B1,,,,,,işsizlik
unexpected,adj.,B2,,,,,,beklenmedik
unfair,adj.,B1,,,,,,haksız
unfortunately,adv.,A2,,,,,,Ne yazık ki
unhappy,adj.,A2,,,,,,mutsuz
uniform,n.,A2,,,,,,üniforma
union,n.,B1,,,,,,birlik
unique,adj.,B2,,,,,,eşsiz
unit,n.,A2,,,,,,birim
united,adj.,A2,,,,,,birleşik
universe,n.,B2,,,,,,evren
university,n.,A1,,,,,,üniversite
unknown,adj.,B2,,,,,,bilinmiyor
unless,conj.,B1,,,,,,meğer ki
unlike,prep.,B1,,,,,,farklı
unlikely,adj.,B1,,,,,,olası değil
unnecessary,adj.,B1,,,,,,gereksiz
unpleasant,adj.,B1,,,,,,tatsız
until,conj./prep.,A1,,,,,,değin
unusual,adj.,A2,,,,,,olağan dışı
up,"adv.,",prep.,A1,,,,,yukarı
update,"v.,",n.,B1,,,,,güncelleme
upon,prep.,B1,,,,,,üzerine
upper,adj.,B2,,,,,,üst
upset,"adj.,",v.,B1,,,,,üzgün
upstairs,adv.,"A1,",adj.,A2,,,,üst katta
upwards,adv.,B2,,,,,,yukarı
urban,adj.,B2,,,,,,kentsel
urge,v.,B2,,,,,,dürtü
us,pron.,A1,,,,,,biz
use,v.,"A1,",n.,A2,,,,kullanmak
used1,adj.,B1,,,,,,kullanılmış1
used2,adj.,B1,,,,,,kullanılmış2
used,to,modal,v.,A2,,,,kullanılmış
useful,adj.,A1,,,,,,kullanışlı
user,n.,A2,,,,,,kullanıcı
usual,adj.,A2,,,,,,olağan
usually,adv.,A1,,,,,,genellikle
vacation,n.,A1,,,,,,tatil
valley,n.,A2,,,,,,vadi
valuable,adj.,B1,,,,,,değerli
value,n.,"B1,",v.,B2,,,,değer
van,n.,A2,,,,,,van
variety,n.,A2,,,,,,çeşitlilik
various,adj.,B1,,,,,,çeşitli
vary,v.,B2,,,,,,çeşitli
vast,adj.,B2,,,,,,büyüklük
vegetable,n.,A1,,,,,,sebze
vehicle,n.,A2,,,,,,araç
venue,n.,B2,,,,,,mekan
version,n.,B1,,,,,,versiyon
very,adv.,"A1,",adj.,B2,,,,çok
via,prep.,B2,,,,,,aracılığıyla
victim,n.,B1,,,,,,kurban
victory,n.,B2,,,,,,zafer
video,n.,A1,,,,,,video
view,n.,"A2,",v.,B1,,,,görüş
viewer,n.,B1,,,,,,izleyici
village,n.,A1,,,,,,köy
violence,n.,B2,,,,,,şiddet
violent,adj.,B1,,,,,,şiddetli
virtual,adj.,B2,,,,,,sanal
virus,n.,A2,,,,,,virüs
vision,n.,B2,,,,,,görüş
visit,"v.,",n.,A1,,,,,ziyaret etmek
visitor,n.,A1,,,,,,ziyaretçi
visual,adj.,B2,,,,,,görsel
vital,adj.,B2,,,,,,hayati
vitamin,n.,B2,,,,,,vitamin
voice,n.,A2,,,,,,ses
volume,n.,B2,,,,,,hacim
volunteer,"n.,",v.,B1,,,,,gönüllü
vote,"n.,",v.,B1,,,,,oy
wage,n.,B2,,,,,,maaş
wait,v.,"A1,",n.,A2,,,,Beklemek
waiter,n.,A1,,,,,,garson
wake,v.,A1,,,,,,uyanmak
walk,"v.,",n.,A1,,,,,yürümek
wall,n.,A1,,,,,,duvar
want,v.,A1,,,,,,istek
war,n.,A2,,,,,,savaş
warm,adj.,"A1,",v.,B1,,,,ılık
warn,v.,B1,,,,,,uyarmak
warning,n.,B1,,,,,,uyarı
wash,v.,"A1,",n.,A2,,,,yıkamak
washing,n.,A2,,,,,,yıkama
waste,"n.,","v.,",adj.,B1,,,,atık
watch,"v.,",n.,A1,,,,,kol saati
water,n.,"A1,",v.,B1,,,,su
wave,n.,"A2,",v.,B1,,,,dalga
way,n.,"A1,",adv.,B2,,,,yol
we,pron.,A1,,,,,,Biz
weak,adj.,A2,,,,,,zayıf
weakness,n.,B2,,,,,,zayıflık
wealth,n.,B2,,,,,,varlık
wealthy,adj.,B2,,,,,,zengin
weapon,n.,B1,,,,,,silah
wear,v.,A1,,,,,,giymek
weather,n.,A1,,,,,,hava durumu
web,n.,A2,,,,,,web
website,n.,A1,,,,,,web sitesi
wedding,n.,A2,,,,,,düğün
Wednesday,n.,A1,,,,,,Çarşamba
week,n.,A1,,,,,,hafta
weekend,n.,A1,,,,,,hafta sonu
weigh,v.,B1,,,,,,tartmak
weight,n.,A2,,,,,,ağırlık
welcome,"exclam.,","v.,",adj.,"A1,",n.,A2,,Hoş geldin
well,"adv.,","adj.,",exclam.,A1,,,,Peki
west,"n.,","adj.,",adv.,A1,,,,batı
western,adj.,B1,,,,,,batılı
wet,adj.,A2,,,,,,ıslak
what,pron./det.,A1,,,,,,Ne
whatever,det./pron.,B1,,,,,,Her neyse
wheel,n.,A2,,,,,,teker
when,"adv.,","pron.,",conj.,A1,,,,Ne zaman
whenever,conj.,B1,,,,,,her ne zaman
where,"adv.,",conj.,A1,,,,,Neresi
whereas,conj.,B2,,,,,,halbuki
wherever,conj.,B2,,,,,,nerede
whether,conj.,B1,,,,,,ikisinden biri
which,pron./det.,A1,,,,,,Hangi
while,conj.,"A2,",n.,B1,,,,sırasında
whisper,"v.,",n.,B2,,,,,fısıltı
white,"adj.,",n.,A1,,,,,beyaz
who,pron.,A1,,,,,,DSÖ
whole,adj.,"A2,",n.,B1,,,,tüm
whom,pron.,B2,,,,,,kime
whose,det./pron.,A2,,,,,,kimin
why,adv.,A1,,,,,,Neden
wide,adj.,A2,,,,,,geniş
widely,adv.,B2,,,,,,geniş çapta
wife,n.,A1,,,,,,eş
wild,adj.,A2,,,,,,vahşi
wildlife,n.,B2,,,,,,vahşi yaşam
will,modal,v.,"A1,",n.,B1,,,irade
willing,adj.,B2,,,,,,hevesli
win,v.,"A1,",n.,B1,,,,kazanç
wind1,n.,A2,,,,,,rüzgar1
wind2,v.,B2,,,,,,rüzgar2
window,n.,A1,,,,,,pencere
wine,n.,A1,,,,,,şarap
wing,n.,B1,,,,,,kanat
winner,n.,A2,,,,,,kazanan
winter,n.,A1,,,,,,kış
wire,n.,B2,,,,,,tel
wise,adj.,B2,,,,,,bilge
wish,"v.,",n.,A2,,,,,dilek
with,prep.,A1,,,,,,ile
within,prep.,B1,,,,,,içinde
without,prep.,A1,,,,,,olmadan
witness,"n.,",v.,B2,,,,,tanık
woman,n.,A1,,,,,,kadın
wonder,"v.,",n.,B1,,,,,merak etmek
wonderful,adj.,A1,,,,,,müthiş
wood,n.,A2,,,,,,odun
wooden,adj.,A2,,,,,,ahşap
wool,n.,B1,,,,,,yün
word,n.,A1,,,,,,kelime
work,"v.,",n.,A1,,,,,iş
worker,n.,A1,,,,,,işçi
working,adj.,A2,,,,,,çalışma
world,n.,A1,,,,,,dünya
worldwide,"adj.,",adv.,B1,,,,,dünya çapında
worried,adj.,A2,,,,,,endişeli
worry,v.,"A2,",n.,B1,,,,endişelenmek
worse,adj.,"A2,",adv.,"B1,",n.,B2,,daha kötüsü
worst,adj.,"A2,",adv.,"B1,",n.,B2,,en kötüsü
worth,adj.,"B1,",n.,B2,,,,değer
would,modal,v.,A1,,,,,istemek
wound,"n.,",v.,B2,,,,,yara
wow,exclam.,A2,,,,,,Vay
wrap,v.,B2,,,,,,dürüm
write,v.,A1,,,,,,yazmak
writer,n.,A1,,,,,,yazar
writing,n.,A1,,,,,,yazma
written,adj.,B1,,,,,,yazılı
wrong,adj.,"A1,",adv.,"B1,",n.,B2,,yanlış
yard,n.,B1,,,,,,bahçe
yeah,exclam.,A1,,,,,,Evet
year,n.,A1,,,,,,yıl
yellow,"adj.,",n.,A1,,,,,sarı
yes,exclam.,A1,,,,,,Evet
yesterday,"adv.,",n.,A1,,,,,Dün
yet,adv.,"A2,",conj.,B2,,,,henüz
you,pron.,A1,,,,,,Sen
young,adj.,"A1,",n.,B1,,,,genç
your,det.,A1,,,,,,senin
yours,pron.,A2,,,,,,seninki
yourself,pron.,A1,,,,,,kendin
youth,n.,B1,,,,,,gençlik
zero,number,A2,,,,,,sıfır
zone,n.,B2,,,,,,alan
